[2025-12-27 23:17:49] [[31merror[39m]: [31mLoginUseCase failed[39m
[31mYour registration is incomplete, please register again.[39m
[31mError: Your registration is incomplete, please register again.[39m
[31m    at LoginUseCase.execute (D:\Projects\BrocamP\Projects\Personal Projects\21. Slotflow\Slotflow-Main-Backend\src\application\useCases\auth\login.useCase.ts:33:49)[39m
[31m    at process.processTicksAndRejections (node:internal/process/task_queues:105:5)[39m
[31m    at async AuthController.login (D:\Projects\BrocamP\Projects\Personal Projects\21. Slotflow\Slotflow-Main-Backend\src\presentation\auth\auth.controller.ts:104:22)[39m
[2025-12-27 23:17:49] [[31merror[39m]: [31mlogin failed[39m
[31mYour registration is incomplete, please register again.[39m
[31mError: Your registration is incomplete, please register again.[39m
[31m    at LoginUseCase.execute (D:\Projects\BrocamP\Projects\Personal Projects\21. Slotflow\Slotflow-Main-Backend\src\application\useCases\auth\login.useCase.ts:33:49)[39m
[31m    at process.processTicksAndRejections (node:internal/process/task_queues:105:5)[39m
[31m    at async AuthController.login (D:\Projects\BrocamP\Projects\Personal Projects\21. Slotflow\Slotflow-Main-Backend\src\presentation\auth\auth.controller.ts:104:22)[39m
[2025-12-28 15:04:41] [[31merror[39m]: [31mSignedUrlService.save failed[39m
[31mfetch failed[39m
[31mTypeError: fetch failed[39m
[31m    at node:internal/deps/undici/undici:13510:13[39m
[31m    at process.processTicksAndRejections (node:internal/process/task_queues:105:5)[39m
[31m    at async HttpClient.request (file:///D:/Projects/BrocamP/Projects/Personal%20Projects/21.%20Slotflow/Slotflow-Main-Backend/node_modules/@upstash/redis/chunk-QZ3IMTW7.mjs:151:15)[39m
[31m    at async Pipeline.exec (file:///D:/Projects/BrocamP/Projects/Personal%20Projects/21.%20Slotflow/Slotflow-Main-Backend/node_modules/@upstash/redis/chunk-QZ3IMTW7.mjs:2393:17)[39m
[31m    at async AutoPipelineExecutor.withAutoPipeline (file:///D:/Projects/BrocamP/Projects/Personal%20Projects/21.%20Slotflow/Slotflow-Main-Backend/node_modules/@upstash/redis/chunk-QZ3IMTW7.mjs:3273:21)[39m
[31m    at async SignedUrlServiceImpl.save (D:\Projects\BrocamP\Projects\Personal Projects\21. Slotflow\Slotflow-Main-Backend\src\infrastructure\services\signedUrlService.impl.ts:76:13)[39m
[31m    at async LoginUseCase.execute (D:\Projects\BrocamP\Projects\Personal Projects\21. Slotflow\Slotflow-Main-Backend\src\application\useCases\auth\login.useCase.ts:43:45)[39m
[31m    at async AuthController.login (D:\Projects\BrocamP\Projects\Personal Projects\21. Slotflow\Slotflow-Main-Backend\src\presentation\auth\auth.controller.ts:104:22)[39m
[2025-12-28 15:04:41] [[31merror[39m]: [31mLoginUseCase failed[39m
[31mFailed to save signed url[39m
[31mError: Failed to save signed url[39m
[31m    at SignedUrlServiceImpl.save (D:\Projects\BrocamP\Projects\Personal Projects\21. Slotflow\Slotflow-Main-Backend\src\infrastructure\services\signedUrlService.impl.ts:86:19)[39m
[31m    at process.processTicksAndRejections (node:internal/process/task_queues:105:5)[39m
[31m    at async LoginUseCase.execute (D:\Projects\BrocamP\Projects\Personal Projects\21. Slotflow\Slotflow-Main-Backend\src\application\useCases\auth\login.useCase.ts:43:45)[39m
[31m    at async AuthController.login (D:\Projects\BrocamP\Projects\Personal Projects\21. Slotflow\Slotflow-Main-Backend\src\presentation\auth\auth.controller.ts:104:22)[39m
[2025-12-28 15:04:41] [[31merror[39m]: [31mlogin failed[39m
[31mFailed to save signed url[39m
[31mError: Failed to save signed url[39m
[31m    at SignedUrlServiceImpl.save (D:\Projects\BrocamP\Projects\Personal Projects\21. Slotflow\Slotflow-Main-Backend\src\infrastructure\services\signedUrlService.impl.ts:86:19)[39m
[31m    at process.processTicksAndRejections (node:internal/process/task_queues:105:5)[39m
[31m    at async LoginUseCase.execute (D:\Projects\BrocamP\Projects\Personal Projects\21. Slotflow\Slotflow-Main-Backend\src\application\useCases\auth\login.useCase.ts:43:45)[39m
[31m    at async AuthController.login (D:\Projects\BrocamP\Projects\Personal Projects\21. Slotflow\Slotflow-Main-Backend\src\presentation\auth\auth.controller.ts:104:22)[39m
[2025-12-28 16:03:05] [[31merror[39m]: [31mFethGoogleCalendarUseCase failed[39m
[31mCredential not found[39m
[31mError: Credential not found[39m
[31m    at FethGoogleCalendarUseCase.execute (D:\Projects\BrocamP\Projects\Personal Projects\21. Slotflow\Slotflow-Main-Backend\src\application\useCases\common\fetchGoogleCalendar.useCase.ts:18:19)[39m
[31m    at process.processTicksAndRejections (node:internal/process/task_queues:105:5)[39m
[31m    at async GoogleController.getUserEvents (D:\Projects\BrocamP\Projects\Personal Projects\21. Slotflow\Slotflow-Main-Backend\src\presentation\google\google.controller.ts:32:28)[39m
[2025-12-28 16:03:05] [[31merror[39m]: [31mgetUserEvents failed[39m
[31mCalendar events fetching failed[39m
[31mError: Calendar events fetching failed[39m
[31m    at FethGoogleCalendarUseCase.execute (D:\Projects\BrocamP\Projects\Personal Projects\21. Slotflow\Slotflow-Main-Backend\src\application\useCases\common\fetchGoogleCalendar.useCase.ts:44:19)[39m
[31m    at process.processTicksAndRejections (node:internal/process/task_queues:105:5)[39m
[31m    at async GoogleController.getUserEvents (D:\Projects\BrocamP\Projects\Personal Projects\21. Slotflow\Slotflow-Main-Backend\src\presentation\google\google.controller.ts:32:28)[39m
[2025-12-28 16:03:06] [[31merror[39m]: [31mFethGoogleCalendarUseCase failed[39m
[31mCredential not found[39m
[31mError: Credential not found[39m
[31m    at FethGoogleCalendarUseCase.execute (D:\Projects\BrocamP\Projects\Personal Projects\21. Slotflow\Slotflow-Main-Backend\src\application\useCases\common\fetchGoogleCalendar.useCase.ts:18:19)[39m
[31m    at process.processTicksAndRejections (node:internal/process/task_queues:105:5)[39m
[31m    at async GoogleController.getUserEvents (D:\Projects\BrocamP\Projects\Personal Projects\21. Slotflow\Slotflow-Main-Backend\src\presentation\google\google.controller.ts:32:28)[39m
[2025-12-28 16:03:06] [[31merror[39m]: [31mgetUserEvents failed[39m
[31mCalendar events fetching failed[39m
[31mError: Calendar events fetching failed[39m
[31m    at FethGoogleCalendarUseCase.execute (D:\Projects\BrocamP\Projects\Personal Projects\21. Slotflow\Slotflow-Main-Backend\src\application\useCases\common\fetchGoogleCalendar.useCase.ts:44:19)[39m
[31m    at process.processTicksAndRejections (node:internal/process/task_queues:105:5)[39m
[31m    at async GoogleController.getUserEvents (D:\Projects\BrocamP\Projects\Personal Projects\21. Slotflow\Slotflow-Main-Backend\src\presentation\google\google.controller.ts:32:28)[39m
[2025-12-28 20:29:51] [[31merror[39m]: [31mFetchProviderProofsUseCase failed[39m
[31mthis.signedUrlService.generate is not a function[39m
[31mTypeError: this.signedUrlService.generate is not a function[39m
[31m    at FetchProviderProofsUseCase.execute (D:\Projects\BrocamP\Projects\Personal Projects\21. Slotflow\Slotflow-Main-Backend\src\application\useCases\common\fetchProviderProofs.useCase.ts:23:70)[39m
[31m    at process.processTicksAndRejections (node:internal/process/task_queues:105:5)[39m
[31m    at async AdminProviderController.fetchProviderProofs (D:\Projects\BrocamP\Projects\Personal Projects\21. Slotflow\Slotflow-Main-Backend\src\presentation\admin\adminProvider.controller.ts:228:28)[39m
[2025-12-28 20:29:51] [[31merror[39m]: [31mfetchProviderProofs failed[39m
[31mthis.signedUrlService.generate is not a function[39m
[31mTypeError: this.signedUrlService.generate is not a function[39m
[31m    at FetchProviderProofsUseCase.execute (D:\Projects\BrocamP\Projects\Personal Projects\21. Slotflow\Slotflow-Main-Backend\src\application\useCases\common\fetchProviderProofs.useCase.ts:23:70)[39m
[31m    at process.processTicksAndRejections (node:internal/process/task_queues:105:5)[39m
[31m    at async AdminProviderController.fetchProviderProofs (D:\Projects\BrocamP\Projects\Personal Projects\21. Slotflow\Slotflow-Main-Backend\src\presentation\admin\adminProvider.controller.ts:228:28)[39m
[2025-12-28 20:29:52] [[31merror[39m]: [31mFetchProviderProofsUseCase failed[39m
[31mthis.signedUrlService.generate is not a function[39m
[31mTypeError: this.signedUrlService.generate is not a function[39m
[31m    at FetchProviderProofsUseCase.execute (D:\Projects\BrocamP\Projects\Personal Projects\21. Slotflow\Slotflow-Main-Backend\src\application\useCases\common\fetchProviderProofs.useCase.ts:23:70)[39m
[31m    at process.processTicksAndRejections (node:internal/process/task_queues:105:5)[39m
[31m    at async AdminProviderController.fetchProviderProofs (D:\Projects\BrocamP\Projects\Personal Projects\21. Slotflow\Slotflow-Main-Backend\src\presentation\admin\adminProvider.controller.ts:228:28)[39m
[2025-12-28 20:29:52] [[31merror[39m]: [31mfetchProviderProofs failed[39m
[31mthis.signedUrlService.generate is not a function[39m
[31mTypeError: this.signedUrlService.generate is not a function[39m
[31m    at FetchProviderProofsUseCase.execute (D:\Projects\BrocamP\Projects\Personal Projects\21. Slotflow\Slotflow-Main-Backend\src\application\useCases\common\fetchProviderProofs.useCase.ts:23:70)[39m
[31m    at process.processTicksAndRejections (node:internal/process/task_queues:105:5)[39m
[31m    at async AdminProviderController.fetchProviderProofs (D:\Projects\BrocamP\Projects\Personal Projects\21. Slotflow\Slotflow-Main-Backend\src\presentation\admin\adminProvider.controller.ts:228:28)[39m
[2025-12-28 20:29:54] [[31merror[39m]: [31mFetchProviderProofsUseCase failed[39m
[31mthis.signedUrlService.generate is not a function[39m
[31mTypeError: this.signedUrlService.generate is not a function[39m
[31m    at FetchProviderProofsUseCase.execute (D:\Projects\BrocamP\Projects\Personal Projects\21. Slotflow\Slotflow-Main-Backend\src\application\useCases\common\fetchProviderProofs.useCase.ts:23:70)[39m
[31m    at process.processTicksAndRejections (node:internal/process/task_queues:105:5)[39m
[31m    at async AdminProviderController.fetchProviderProofs (D:\Projects\BrocamP\Projects\Personal Projects\21. Slotflow\Slotflow-Main-Backend\src\presentation\admin\adminProvider.controller.ts:228:28)[39m
[2025-12-28 20:29:54] [[31merror[39m]: [31mfetchProviderProofs failed[39m
[31mthis.signedUrlService.generate is not a function[39m
[31mTypeError: this.signedUrlService.generate is not a function[39m
[31m    at FetchProviderProofsUseCase.execute (D:\Projects\BrocamP\Projects\Personal Projects\21. Slotflow\Slotflow-Main-Backend\src\application\useCases\common\fetchProviderProofs.useCase.ts:23:70)[39m
[31m    at process.processTicksAndRejections (node:internal/process/task_queues:105:5)[39m
[31m    at async AdminProviderController.fetchProviderProofs (D:\Projects\BrocamP\Projects\Personal Projects\21. Slotflow\Slotflow-Main-Backend\src\presentation\admin\adminProvider.controller.ts:228:28)[39m
[2025-12-28 20:29:58] [[31merror[39m]: [31mFetchProviderProofsUseCase failed[39m
[31mthis.signedUrlService.generate is not a function[39m
[31mTypeError: this.signedUrlService.generate is not a function[39m
[31m    at FetchProviderProofsUseCase.execute (D:\Projects\BrocamP\Projects\Personal Projects\21. Slotflow\Slotflow-Main-Backend\src\application\useCases\common\fetchProviderProofs.useCase.ts:23:70)[39m
[31m    at process.processTicksAndRejections (node:internal/process/task_queues:105:5)[39m
[31m    at async AdminProviderController.fetchProviderProofs (D:\Projects\BrocamP\Projects\Personal Projects\21. Slotflow\Slotflow-Main-Backend\src\presentation\admin\adminProvider.controller.ts:228:28)[39m
[2025-12-28 20:29:58] [[31merror[39m]: [31mfetchProviderProofs failed[39m
[31mthis.signedUrlService.generate is not a function[39m
[31mTypeError: this.signedUrlService.generate is not a function[39m
[31m    at FetchProviderProofsUseCase.execute (D:\Projects\BrocamP\Projects\Personal Projects\21. Slotflow\Slotflow-Main-Backend\src\application\useCases\common\fetchProviderProofs.useCase.ts:23:70)[39m
[31m    at process.processTicksAndRejections (node:internal/process/task_queues:105:5)[39m
[31m    at async AdminProviderController.fetchProviderProofs (D:\Projects\BrocamP\Projects\Personal Projects\21. Slotflow\Slotflow-Main-Backend\src\presentation\admin\adminProvider.controller.ts:228:28)[39m
[2025-12-28 20:46:04] [[31merror[39m]: [31mAdminCreatePlanUseCase failed[39m
[31mPlan with same price already exists.[39m
[31mError: Plan with same price already exists.[39m
[31m    at AdminCreatePlanUseCase.execute (D:\Projects\BrocamP\Projects\Personal Projects\21. Slotflow\Slotflow-Main-Backend\src\application\useCases\admin\adminPlan.useCase.ts:56:37)[39m
[31m    at process.processTicksAndRejections (node:internal/process/task_queues:105:5)[39m
[31m    at async AdminPlanController.createNewPlan (D:\Projects\BrocamP\Projects\Personal Projects\21. Slotflow\Slotflow-Main-Backend\src\presentation\admin\adminPlan.controller.ts:41:13)[39m
[2025-12-28 20:46:04] [[31merror[39m]: [31mcreateNewPlan failed[39m
[31mPlan with same price already exists.[39m
[31mError: Plan with same price already exists.[39m
[31m    at AdminCreatePlanUseCase.execute (D:\Projects\BrocamP\Projects\Personal Projects\21. Slotflow\Slotflow-Main-Backend\src\application\useCases\admin\adminPlan.useCase.ts:56:37)[39m
[31m    at process.processTicksAndRejections (node:internal/process/task_queues:105:5)[39m
[31m    at async AdminPlanController.createNewPlan (D:\Projects\BrocamP\Projects\Personal Projects\21. Slotflow\Slotflow-Main-Backend\src\presentation\admin\adminPlan.controller.ts:41:13)[39m
[2025-12-28 20:47:14] [[31merror[39m]: [31mAdminCreatePlanUseCase failed[39m
[31mPlan with same price already exists.[39m
[31mError: Plan with same price already exists.[39m
[31m    at AdminCreatePlanUseCase.execute (D:\Projects\BrocamP\Projects\Personal Projects\21. Slotflow\Slotflow-Main-Backend\src\application\useCases\admin\adminPlan.useCase.ts:56:37)[39m
[31m    at process.processTicksAndRejections (node:internal/process/task_queues:105:5)[39m
[31m    at async AdminPlanController.createNewPlan (D:\Projects\BrocamP\Projects\Personal Projects\21. Slotflow\Slotflow-Main-Backend\src\presentation\admin\adminPlan.controller.ts:41:13)[39m
[2025-12-28 20:47:14] [[31merror[39m]: [31mcreateNewPlan failed[39m
[31mPlan with same price already exists.[39m
[31mError: Plan with same price already exists.[39m
[31m    at AdminCreatePlanUseCase.execute (D:\Projects\BrocamP\Projects\Personal Projects\21. Slotflow\Slotflow-Main-Backend\src\application\useCases\admin\adminPlan.useCase.ts:56:37)[39m
[31m    at process.processTicksAndRejections (node:internal/process/task_queues:105:5)[39m
[31m    at async AdminPlanController.createNewPlan (D:\Projects\BrocamP\Projects\Personal Projects\21. Slotflow\Slotflow-Main-Backend\src\presentation\admin\adminPlan.controller.ts:41:13)[39m
[2025-12-28 20:51:57] [[31merror[39m]: [31mAdminCreatePlanUseCase failed[39m
[31mPlan with same price already exists.[39m
[31mError: Plan with same price already exists.[39m
[31m    at AdminCreatePlanUseCase.execute (D:\Projects\BrocamP\Projects\Personal Projects\21. Slotflow\Slotflow-Main-Backend\src\application\useCases\admin\adminPlan.useCase.ts:56:37)[39m
[31m    at process.processTicksAndRejections (node:internal/process/task_queues:105:5)[39m
[31m    at async AdminPlanController.createNewPlan (D:\Projects\BrocamP\Projects\Personal Projects\21. Slotflow\Slotflow-Main-Backend\src\presentation\admin\adminPlan.controller.ts:41:13)[39m
[2025-12-28 20:51:57] [[31merror[39m]: [31mcreateNewPlan failed[39m
[31mPlan with same price already exists.[39m
[31mError: Plan with same price already exists.[39m
[31m    at AdminCreatePlanUseCase.execute (D:\Projects\BrocamP\Projects\Personal Projects\21. Slotflow\Slotflow-Main-Backend\src\application\useCases\admin\adminPlan.useCase.ts:56:37)[39m
[31m    at process.processTicksAndRejections (node:internal/process/task_queues:105:5)[39m
[31m    at async AdminPlanController.createNewPlan (D:\Projects\BrocamP\Projects\Personal Projects\21. Slotflow\Slotflow-Main-Backend\src\presentation\admin\adminPlan.controller.ts:41:13)[39m
[2025-12-28 21:02:48] [[31merror[39m]: [31mLoginUseCase failed[39m
[31mYour registration is incomplete, please register again.[39m
[31mError: Your registration is incomplete, please register again.[39m
[31m    at LoginUseCase.execute (D:\Projects\BrocamP\Projects\Personal Projects\21. Slotflow\Slotflow-Main-Backend\src\application\useCases\auth\login.useCase.ts:64:53)[39m
[31m    at process.processTicksAndRejections (node:internal/process/task_queues:105:5)[39m
[31m    at async AuthController.login (D:\Projects\BrocamP\Projects\Personal Projects\21. Slotflow\Slotflow-Main-Backend\src\presentation\auth\auth.controller.ts:104:22)[39m
[2025-12-28 21:02:48] [[31merror[39m]: [31mlogin failed[39m
[31mYour registration is incomplete, please register again.[39m
[31mError: Your registration is incomplete, please register again.[39m
[31m    at LoginUseCase.execute (D:\Projects\BrocamP\Projects\Personal Projects\21. Slotflow\Slotflow-Main-Backend\src\application\useCases\auth\login.useCase.ts:64:53)[39m
[31m    at process.processTicksAndRejections (node:internal/process/task_queues:105:5)[39m
[31m    at async AuthController.login (D:\Projects\BrocamP\Projects\Personal Projects\21. Slotflow\Slotflow-Main-Backend\src\presentation\auth\auth.controller.ts:104:22)[39m
[2025-12-28 21:08:20] [[31merror[39m]: [31mcreateServiceAvailability failed[39m
[31m[[39m
[31m  {[39m
[31m    "received": "online",[39m
[31m    "code": "invalid_enum_value",[39m
[31m    "options": [[39m
[31m      "Online",[39m
[31m      "Offline",[39m
[31m      "Both"[39m
[31m    ],[39m
[31m    "path": [[39m
[31m      0,[39m
[31m      "modes",[39m
[31m      0[39m
[31m    ],[39m
[31m    "message": "Invalid enum value. Expected 'Online' | 'Offline' | 'Both', received 'online'"[39m
[31m  },[39m
[31m  {[39m
[31m    "received": "offline",[39m
[31m    "code": "invalid_enum_value",[39m
[31m    "options": [[39m
[31m      "Online",[39m
[31m      "Offline",[39m
[31m      "Both"[39m
[31m    ],[39m
[31m    "path": [[39m
[31m      0,[39m
[31m      "modes",[39m
[31m      1[39m
[31m    ],[39m
[31m    "message": "Invalid enum value. Expected 'Online' | 'Offline' | 'Both', received 'offline'"[39m
[31m  },[39m
[31m  {[39m
[31m    "received": "offline",[39m
[31m    "code": "invalid_enum_value",[39m
[31m    "options": [[39m
[31m      "Online",[39m
[31m      "Offline",[39m
[31m      "Both"[39m
[31m    ],[39m
[31m    "path": [[39m
[31m      1,[39m
[31m      "modes",[39m
[31m      0[39m
[31m    ],[39m
[31m    "message": "Invalid enum value. Expected 'Online' | 'Offline' | 'Both', received 'offline'"[39m
[31m  },[39m
[31m  {[39m
[31m    "received": "offline",[39m
[31m    "code": "invalid_enum_value",[39m
[31m    "options": [[39m
[31m      "Online",[39m
[31m      "Offline",[39m
[31m      "Both"[39m
[31m    ],[39m
[31m    "path": [[39m
[31m      2,[39m
[31m      "modes",[39m
[31m      0[39m
[31m    ],[39m
[31m    "message": "Invalid enum value. Expected 'Online' | 'Offline' | 'Both', received 'offline'"[39m
[31m  },[39m
[31m  {[39m
[31m    "received": "offline",[39m
[31m    "code": "invalid_enum_value",[39m
[31m    "options": [[39m
[31m      "Online",[39m
[31m      "Offline",[39m
[31m      "Both"[39m
[31m    ],[39m
[31m    "path": [[39m
[31m      3,[39m
[31m      "modes",[39m
[31m      0[39m
[31m    ],[39m
[31m    "message": "Invalid enum value. Expected 'Online' | 'Offline' | 'Both', received 'offline'"[39m
[31m  },[39m
[31m  {[39m
[31m    "received": "offline",[39m
[31m    "code": "invalid_enum_value",[39m
[31m    "options": [[39m
[31m      "Online",[39m
[31m      "Offline",[39m
[31m      "Both"[39m
[31m    ],[39m
[31m    "path": [[39m
[31m      4,[39m
[31m      "modes",[39m
[31m      0[39m
[31m    ],[39m
[31m    "message": "Invalid enum value. Expected 'Online' | 'Offline' | 'Both', received 'offline'"[39m
[31m  }[39m
[31m][39m
[31mZodError: [[39m
[31m  {[39m
[31m    "received": "online",[39m
[31m    "code": "invalid_enum_value",[39m
[31m    "options": [[39m
[31m      "Online",[39m
[31m      "Offline",[39m
[31m      "Both"[39m
[31m    ],[39m
[31m    "path": [[39m
[31m      0,[39m
[31m      "modes",[39m
[31m      0[39m
[31m    ],[39m
[31m    "message": "Invalid enum value. Expected 'Online' | 'Offline' | 'Both', received 'online'"[39m
[31m  },[39m
[31m  {[39m
[31m    "received": "offline",[39m
[31m    "code": "invalid_enum_value",[39m
[31m    "options": [[39m
[31m      "Online",[39m
[31m      "Offline",[39m
[31m      "Both"[39m
[31m    ],[39m
[31m    "path": [[39m
[31m      0,[39m
[31m      "modes",[39m
[31m      1[39m
[31m    ],[39m
[31m    "message": "Invalid enum value. Expected 'Online' | 'Offline' | 'Both', received 'offline'"[39m
[31m  },[39m
[31m  {[39m
[31m    "received": "offline",[39m
[31m    "code": "invalid_enum_value",[39m
[31m    "options": [[39m
[31m      "Online",[39m
[31m      "Offline",[39m
[31m      "Both"[39m
[31m    ],[39m
[31m    "path": [[39m
[31m      1,[39m
[31m      "modes",[39m
[31m      0[39m
[31m    ],[39m
[31m    "message": "Invalid enum value. Expected 'Online' | 'Offline' | 'Both', received 'offline'"[39m
[31m  },[39m
[31m  {[39m
[31m    "received": "offline",[39m
[31m    "code": "invalid_enum_value",[39m
[31m    "options": [[39m
[31m      "Online",[39m
[31m      "Offline",[39m
[31m      "Both"[39m
[31m    ],[39m
[31m    "path": [[39m
[31m      2,[39m
[31m      "modes",[39m
[31m      0[39m
[31m    ],[39m
[31m    "message": "Invalid enum value. Expected 'Online' | 'Offline' | 'Both', received 'offline'"[39m
[31m  },[39m
[31m  {[39m
[31m    "received": "offline",[39m
[31m    "code": "invalid_enum_value",[39m
[31m    "options": [[39m
[31m      "Online",[39m
[31m      "Offline",[39m
[31m      "Both"[39m
[31m    ],[39m
[31m    "path": [[39m
[31m      3,[39m
[31m      "modes",[39m
[31m      0[39m
[31m    ],[39m
[31m    "message": "Invalid enum value. Expected 'Online' | 'Offline' | 'Both', received 'offline'"[39m
[31m  },[39m
[31m  {[39m
[31m    "received": "offline",[39m
[31m    "code": "invalid_enum_value",[39m
[31m    "options": [[39m
[31m      "Online",[39m
[31m      "Offline",[39m
[31m      "Both"[39m
[31m    ],[39m
[31m    "path": [[39m
[31m      4,[39m
[31m      "modes",[39m
[31m      0[39m
[31m    ],[39m
[31m    "message": "Invalid enum value. Expected 'Online' | 'Offline' | 'Both', received 'offline'"[39m
[31m  }[39m
[31m][39m
[31m    at get error (file:///D:/Projects/BrocamP/Projects/Personal%20Projects/21.%20Slotflow/Slotflow-Main-Backend/node_modules/zod/lib/index.mjs:587:31)[39m
[31m    at ZodArray.parse (file:///D:/Projects/BrocamP/Projects/Personal%20Projects/21.%20Slotflow/Slotflow-Main-Backend/node_modules/zod/lib/index.mjs:663:22)[39m
[31m    at ProviderServiceAvailabilityController.createServiceAvailability (D:\Projects\BrocamP\Projects\Personal Projects\21. Slotflow\Slotflow-Main-Backend\src\presentation\provider\providerServiceAvailability.controller.ts:34:79)[39m
[31m    at Layer.handle [as handle_request] (D:\Projects\BrocamP\Projects\Personal Projects\21. Slotflow\Slotflow-Main-Backend\node_modules\express\lib\router\layer.js:95:5)[39m
[31m    at next (D:\Projects\BrocamP\Projects\Personal Projects\21. Slotflow\Slotflow-Main-Backend\node_modules\express\lib\router\route.js:149:13)[39m
[31m    at authMiddleware (D:\Projects\BrocamP\Projects\Personal Projects\21. Slotflow\Slotflow-Main-Backend\src\presentation\middleware\auth.middleware.ts:69:5)[39m
[31m    at process.processTicksAndRejections (node:internal/process/task_queues:105:5)[39m
[2025-12-28 21:10:37] [[31merror[39m]: [31mcreateServiceAvailability failed[39m
[31m[[39m
[31m  {[39m
[31m    "received": "online",[39m
[31m    "code": "invalid_enum_value",[39m
[31m    "options": [[39m
[31m      "Online",[39m
[31m      "Offline",[39m
[31m      "Both"[39m
[31m    ],[39m
[31m    "path": [[39m
[31m      0,[39m
[31m      "modes",[39m
[31m      0[39m
[31m    ],[39m
[31m    "message": "Invalid enum value. Expected 'Online' | 'Offline' | 'Both', received 'online'"[39m
[31m  },[39m
[31m  {[39m
[31m    "received": "offline",[39m
[31m    "code": "invalid_enum_value",[39m
[31m    "options": [[39m
[31m      "Online",[39m
[31m      "Offline",[39m
[31m      "Both"[39m
[31m    ],[39m
[31m    "path": [[39m
[31m      0,[39m
[31m      "modes",[39m
[31m      1[39m
[31m    ],[39m
[31m    "message": "Invalid enum value. Expected 'Online' | 'Offline' | 'Both', received 'offline'"[39m
[31m  },[39m
[31m  {[39m
[31m    "received": "offline",[39m
[31m    "code": "invalid_enum_value",[39m
[31m    "options": [[39m
[31m      "Online",[39m
[31m      "Offline",[39m
[31m      "Both"[39m
[31m    ],[39m
[31m    "path": [[39m
[31m      1,[39m
[31m      "modes",[39m
[31m      0[39m
[31m    ],[39m
[31m    "message": "Invalid enum value. Expected 'Online' | 'Offline' | 'Both', received 'offline'"[39m
[31m  },[39m
[31m  {[39m
[31m    "received": "offline",[39m
[31m    "code": "invalid_enum_value",[39m
[31m    "options": [[39m
[31m      "Online",[39m
[31m      "Offline",[39m
[31m      "Both"[39m
[31m    ],[39m
[31m    "path": [[39m
[31m      2,[39m
[31m      "modes",[39m
[31m      0[39m
[31m    ],[39m
[31m    "message": "Invalid enum value. Expected 'Online' | 'Offline' | 'Both', received 'offline'"[39m
[31m  },[39m
[31m  {[39m
[31m    "received": "offline",[39m
[31m    "code": "invalid_enum_value",[39m
[31m    "options": [[39m
[31m      "Online",[39m
[31m      "Offline",[39m
[31m      "Both"[39m
[31m    ],[39m
[31m    "path": [[39m
[31m      3,[39m
[31m      "modes",[39m
[31m      0[39m
[31m    ],[39m
[31m    "message": "Invalid enum value. Expected 'Online' | 'Offline' | 'Both', received 'offline'"[39m
[31m  },[39m
[31m  {[39m
[31m    "received": "offline",[39m
[31m    "code": "invalid_enum_value",[39m
[31m    "options": [[39m
[31m      "Online",[39m
[31m      "Offline",[39m
[31m      "Both"[39m
[31m    ],[39m
[31m    "path": [[39m
[31m      4,[39m
[31m      "modes",[39m
[31m      0[39m
[31m    ],[39m
[31m    "message": "Invalid enum value. Expected 'Online' | 'Offline' | 'Both', received 'offline'"[39m
[31m  }[39m
[31m][39m
[31mZodError: [[39m
[31m  {[39m
[31m    "received": "online",[39m
[31m    "code": "invalid_enum_value",[39m
[31m    "options": [[39m
[31m      "Online",[39m
[31m      "Offline",[39m
[31m      "Both"[39m
[31m    ],[39m
[31m    "path": [[39m
[31m      0,[39m
[31m      "modes",[39m
[31m      0[39m
[31m    ],[39m
[31m    "message": "Invalid enum value. Expected 'Online' | 'Offline' | 'Both', received 'online'"[39m
[31m  },[39m
[31m  {[39m
[31m    "received": "offline",[39m
[31m    "code": "invalid_enum_value",[39m
[31m    "options": [[39m
[31m      "Online",[39m
[31m      "Offline",[39m
[31m      "Both"[39m
[31m    ],[39m
[31m    "path": [[39m
[31m      0,[39m
[31m      "modes",[39m
[31m      1[39m
[31m    ],[39m
[31m    "message": "Invalid enum value. Expected 'Online' | 'Offline' | 'Both', received 'offline'"[39m
[31m  },[39m
[31m  {[39m
[31m    "received": "offline",[39m
[31m    "code": "invalid_enum_value",[39m
[31m    "options": [[39m
[31m      "Online",[39m
[31m      "Offline",[39m
[31m      "Both"[39m
[31m    ],[39m
[31m    "path": [[39m
[31m      1,[39m
[31m      "modes",[39m
[31m      0[39m
[31m    ],[39m
[31m    "message": "Invalid enum value. Expected 'Online' | 'Offline' | 'Both', received 'offline'"[39m
[31m  },[39m
[31m  {[39m
[31m    "received": "offline",[39m
[31m    "code": "invalid_enum_value",[39m
[31m    "options": [[39m
[31m      "Online",[39m
[31m      "Offline",[39m
[31m      "Both"[39m
[31m    ],[39m
[31m    "path": [[39m
[31m      2,[39m
[31m      "modes",[39m
[31m      0[39m
[31m    ],[39m
[31m    "message": "Invalid enum value. Expected 'Online' | 'Offline' | 'Both', received 'offline'"[39m
[31m  },[39m
[31m  {[39m
[31m    "received": "offline",[39m
[31m    "code": "invalid_enum_value",[39m
[31m    "options": [[39m
[31m      "Online",[39m
[31m      "Offline",[39m
[31m      "Both"[39m
[31m    ],[39m
[31m    "path": [[39m
[31m      3,[39m
[31m      "modes",[39m
[31m      0[39m
[31m    ],[39m
[31m    "message": "Invalid enum value. Expected 'Online' | 'Offline' | 'Both', received 'offline'"[39m
[31m  },[39m
[31m  {[39m
[31m    "received": "offline",[39m
[31m    "code": "invalid_enum_value",[39m
[31m    "options": [[39m
[31m      "Online",[39m
[31m      "Offline",[39m
[31m      "Both"[39m
[31m    ],[39m
[31m    "path": [[39m
[31m      4,[39m
[31m      "modes",[39m
[31m      0[39m
[31m    ],[39m
[31m    "message": "Invalid enum value. Expected 'Online' | 'Offline' | 'Both', received 'offline'"[39m
[31m  }[39m
[31m][39m
[31m    at get error (file:///D:/Projects/BrocamP/Projects/Personal%20Projects/21.%20Slotflow/Slotflow-Main-Backend/node_modules/zod/lib/index.mjs:587:31)[39m
[31m    at ZodArray.parse (file:///D:/Projects/BrocamP/Projects/Personal%20Projects/21.%20Slotflow/Slotflow-Main-Backend/node_modules/zod/lib/index.mjs:663:22)[39m
[31m    at ProviderServiceAvailabilityController.createServiceAvailability (D:\Projects\BrocamP\Projects\Personal Projects\21. Slotflow\Slotflow-Main-Backend\src\presentation\provider\providerServiceAvailability.controller.ts:34:79)[39m
[31m    at Layer.handle [as handle_request] (D:\Projects\BrocamP\Projects\Personal Projects\21. Slotflow\Slotflow-Main-Backend\node_modules\express\lib\router\layer.js:95:5)[39m
[31m    at next (D:\Projects\BrocamP\Projects\Personal Projects\21. Slotflow\Slotflow-Main-Backend\node_modules\express\lib\router\route.js:149:13)[39m
[31m    at authMiddleware (D:\Projects\BrocamP\Projects\Personal Projects\21. Slotflow\Slotflow-Main-Backend\src\presentation\middleware\auth.middleware.ts:69:5)[39m
[31m    at process.processTicksAndRejections (node:internal/process/task_queues:105:5)[39m
[2025-12-28 22:32:54] [[31merror[39m]: [31mUpdateBookingStatusCronUseCase failed[39m
[31mconnect ECONNREFUSED ::1:27017, connect ECONNREFUSED 127.0.0.1:27017[39m
[31mMongoServerSelectionError: connect ECONNREFUSED ::1:27017, connect ECONNREFUSED 127.0.0.1:27017[39m
[31m    at Topology.selectServer (D:\Projects\BrocamP\Projects\Personal Projects\21. Slotflow\Slotflow-Main-Backend\node_modules\mongodb\src\sdam\topology.ts:626:30)[39m
[31m    at runNextTicks (node:internal/process/task_queues:65:5)[39m
[31m    at listOnTimeout (node:internal/timers:549:9)[39m
[31m    at process.processTimers (node:internal/timers:523:7)[39m
[31m    at async tryOperation (D:\Projects\BrocamP\Projects\Personal Projects\21. Slotflow\Slotflow-Main-Backend\node_modules\mongodb\src\operations\execute_operation.ts:201:16)[39m
[31m    at async executeOperation (D:\Projects\BrocamP\Projects\Personal Projects\21. Slotflow\Slotflow-Main-Backend\node_modules\mongodb\src\operations\execute_operation.ts:115:12)[39m
[31m    at async Collection.updateMany (D:\Projects\BrocamP\Projects\Personal Projects\21. Slotflow\Slotflow-Main-Backend\node_modules\mongodb\src\collection.ts:420:12)[39m
[31m    at async model.Query.exec (D:\Projects\BrocamP\Projects\Personal Projects\21. Slotflow\Slotflow-Main-Backend\node_modules\mongoose\lib\query.js:4456:63)[39m
[31m    at async BookingQueriesImpl.findTodaysBookingsForCronjob (D:\Projects\BrocamP\Projects\Personal Projects\21. Slotflow\Slotflow-Main-Backend\src\infrastructure\queries\bookingQueries.impl.ts:508:26)[39m
[31m    at async UpdateBookingStatusCronUseCase.execute (D:\Projects\BrocamP\Projects\Personal Projects\21. Slotflow\Slotflow-Main-Backend\src\application\useCases\cronJob\updateBookingStatus.useCase.ts:11:45)[39m
[2025-12-28 22:32:54] [[31merror[39m]: [31m[INTERVAL ERROR in booking status update]:[39m
[31mconnect ECONNREFUSED ::1:27017, connect ECONNREFUSED 127.0.0.1:27017[39m
[31mMongoServerSelectionError: connect ECONNREFUSED ::1:27017, connect ECONNREFUSED 127.0.0.1:27017[39m
[31m    at Topology.selectServer (D:\Projects\BrocamP\Projects\Personal Projects\21. Slotflow\Slotflow-Main-Backend\node_modules\mongodb\src\sdam\topology.ts:626:30)[39m
[31m    at runNextTicks (node:internal/process/task_queues:65:5)[39m
[31m    at listOnTimeout (node:internal/timers:549:9)[39m
[31m    at process.processTimers (node:internal/timers:523:7)[39m
[31m    at async tryOperation (D:\Projects\BrocamP\Projects\Personal Projects\21. Slotflow\Slotflow-Main-Backend\node_modules\mongodb\src\operations\execute_operation.ts:201:16)[39m
[31m    at async executeOperation (D:\Projects\BrocamP\Projects\Personal Projects\21. Slotflow\Slotflow-Main-Backend\node_modules\mongodb\src\operations\execute_operation.ts:115:12)[39m
[31m    at async Collection.updateMany (D:\Projects\BrocamP\Projects\Personal Projects\21. Slotflow\Slotflow-Main-Backend\node_modules\mongodb\src\collection.ts:420:12)[39m
[31m    at async model.Query.exec (D:\Projects\BrocamP\Projects\Personal Projects\21. Slotflow\Slotflow-Main-Backend\node_modules\mongoose\lib\query.js:4456:63)[39m
[31m    at async BookingQueriesImpl.findTodaysBookingsForCronjob (D:\Projects\BrocamP\Projects\Personal Projects\21. Slotflow\Slotflow-Main-Backend\src\infrastructure\queries\bookingQueries.impl.ts:508:26)[39m
[31m    at async UpdateBookingStatusCronUseCase.execute (D:\Projects\BrocamP\Projects\Personal Projects\21. Slotflow\Slotflow-Main-Backend\src\application\useCases\cronJob\updateBookingStatus.useCase.ts:11:45)[39m
[2025-12-28 22:32:54] [[31merror[39m]: [31mUpdateSubscriptionStatusUseCase failed[39m
[31mconnect ECONNREFUSED ::1:27017, connect ECONNREFUSED 127.0.0.1:27017[39m
[31mMongoServerSelectionError: connect ECONNREFUSED ::1:27017, connect ECONNREFUSED 127.0.0.1:27017[39m
[31m    at Topology.selectServer (D:\Projects\BrocamP\Projects\Personal Projects\21. Slotflow\Slotflow-Main-Backend\node_modules\mongodb\src\sdam\topology.ts:626:30)[39m
[31m    at async tryOperation (D:\Projects\BrocamP\Projects\Personal Projects\21. Slotflow\Slotflow-Main-Backend\node_modules\mongodb\src\operations\execute_operation.ts:201:16)[39m
[31m    at async executeOperation (D:\Projects\BrocamP\Projects\Personal Projects\21. Slotflow\Slotflow-Main-Backend\node_modules\mongodb\src\operations\execute_operation.ts:115:12)[39m
[31m    at async Collection.updateMany (D:\Projects\BrocamP\Projects\Personal Projects\21. Slotflow\Slotflow-Main-Backend\node_modules\mongodb\src\collection.ts:420:12)[39m
[31m    at async model.Query.exec (D:\Projects\BrocamP\Projects\Personal Projects\21. Slotflow\Slotflow-Main-Backend\node_modules\mongoose\lib\query.js:4456:63)[39m
[31m    at async SubscriptionQueriesImpl.findSubscriptionsForUpdatinStatus (D:\Projects\BrocamP\Projects\Personal Projects\21. Slotflow\Slotflow-Main-Backend\src\infrastructure\queries\subscriptionQueries.impl.ts:187:25)[39m
[31m    at async UpdateSubscriptionStatusUseCase.execute (D:\Projects\BrocamP\Projects\Personal Projects\21. Slotflow\Slotflow-Main-Backend\src\application\useCases\cronJob\updateSubscriptionStatus.useCase.ts:11:42)[39m
[31m    at async Timeout._onTimeout (D:\Projects\BrocamP\Projects\Personal Projects\21. Slotflow\Slotflow-Main-Backend\src\infrastructure\cron-jobs\updateSubscriptionStatusCron.ts:19:20)[39m
[2025-12-28 22:32:54] [[31merror[39m]: [31m[INTERVAL ERROR in subscription status update]:[39m
[31mconnect ECONNREFUSED ::1:27017, connect ECONNREFUSED 127.0.0.1:27017[39m
[31mMongoServerSelectionError: connect ECONNREFUSED ::1:27017, connect ECONNREFUSED 127.0.0.1:27017[39m
[31m    at Topology.selectServer (D:\Projects\BrocamP\Projects\Personal Projects\21. Slotflow\Slotflow-Main-Backend\node_modules\mongodb\src\sdam\topology.ts:626:30)[39m
[31m    at async tryOperation (D:\Projects\BrocamP\Projects\Personal Projects\21. Slotflow\Slotflow-Main-Backend\node_modules\mongodb\src\operations\execute_operation.ts:201:16)[39m
[31m    at async executeOperation (D:\Projects\BrocamP\Projects\Personal Projects\21. Slotflow\Slotflow-Main-Backend\node_modules\mongodb\src\operations\execute_operation.ts:115:12)[39m
[31m    at async Collection.updateMany (D:\Projects\BrocamP\Projects\Personal Projects\21. Slotflow\Slotflow-Main-Backend\node_modules\mongodb\src\collection.ts:420:12)[39m
[31m    at async model.Query.exec (D:\Projects\BrocamP\Projects\Personal Projects\21. Slotflow\Slotflow-Main-Backend\node_modules\mongoose\lib\query.js:4456:63)[39m
[31m    at async SubscriptionQueriesImpl.findSubscriptionsForUpdatinStatus (D:\Projects\BrocamP\Projects\Personal Projects\21. Slotflow\Slotflow-Main-Backend\src\infrastructure\queries\subscriptionQueries.impl.ts:187:25)[39m
[31m    at async UpdateSubscriptionStatusUseCase.execute (D:\Projects\BrocamP\Projects\Personal Projects\21. Slotflow\Slotflow-Main-Backend\src\application\useCases\cronJob\updateSubscriptionStatus.useCase.ts:11:42)[39m
[31m    at async Timeout._onTimeout (D:\Projects\BrocamP\Projects\Personal Projects\21. Slotflow\Slotflow-Main-Backend\src\infrastructure\cron-jobs\updateSubscriptionStatusCron.ts:19:20)[39m
[2025-12-29 15:56:58] [[31merror[39m]: [31m⚙️ Kafka Admin connected[39m
[2025-12-29 16:21:06] [[31merror[39m]: [31m⚙️ Kafka Admin connected[39m
[2025-12-29 16:21:46] [[31merror[39m]: [31mLoginUseCase failed[39m
[31mInvalid credentials[39m
[31mError: Invalid credentials[39m
[31m    at LoginUseCase.execute (D:\Projects\BrocamP\Projects\Personal Projects\21. Slotflow\Slotflow-Main-Backend\src\application\useCases\auth\login.useCase.ts:33:34)[39m
[31m    at process.processTicksAndRejections (node:internal/process/task_queues:105:5)[39m
[31m    at async AuthController.login (D:\Projects\BrocamP\Projects\Personal Projects\21. Slotflow\Slotflow-Main-Backend\src\presentation\auth\auth.controller.ts:109:22)[39m
[2025-12-29 16:21:46] [[31merror[39m]: [31mlogin failed[39m
[31mInvalid credentials[39m
[31mError: Invalid credentials[39m
[31m    at LoginUseCase.execute (D:\Projects\BrocamP\Projects\Personal Projects\21. Slotflow\Slotflow-Main-Backend\src\application\useCases\auth\login.useCase.ts:33:34)[39m
[31m    at process.processTicksAndRejections (node:internal/process/task_queues:105:5)[39m
[31m    at async AuthController.login (D:\Projects\BrocamP\Projects\Personal Projects\21. Slotflow\Slotflow-Main-Backend\src\presentation\auth\auth.controller.ts:109:22)[39m
[2025-12-29 16:21:56] [[31merror[39m]: [31mLoginUseCase failed[39m
[31mProducer not connected[39m
[31mError: Producer not connected[39m
[31m    at KafkaClientAdapter.getProducer (D:\Projects\BrocamP\Projects\Personal Projects\21. Slotflow\Slotflow-Main-Backend\src\infrastructure\messaging\kafka.ts:53:31)[39m
[31m    at KafkaServiceImpl.send (D:\Projects\BrocamP\Projects\Personal Projects\21. Slotflow\Slotflow-Main-Backend\src\infrastructure\services\kafkaService.impl.ts:12:50)[39m
[31m    at LoginUseCase.execute (D:\Projects\BrocamP\Projects\Personal Projects\21. Slotflow\Slotflow-Main-Backend\src\application\useCases\auth\login.useCase.ts:48:41)[39m
[31m    at process.processTicksAndRejections (node:internal/process/task_queues:105:5)[39m
[31m    at async AuthController.login (D:\Projects\BrocamP\Projects\Personal Projects\21. Slotflow\Slotflow-Main-Backend\src\presentation\auth\auth.controller.ts:109:22)[39m
[2025-12-29 16:21:56] [[31merror[39m]: [31mlogin failed[39m
[31mProducer not connected[39m
[31mError: Producer not connected[39m
[31m    at KafkaClientAdapter.getProducer (D:\Projects\BrocamP\Projects\Personal Projects\21. Slotflow\Slotflow-Main-Backend\src\infrastructure\messaging\kafka.ts:53:31)[39m
[31m    at KafkaServiceImpl.send (D:\Projects\BrocamP\Projects\Personal Projects\21. Slotflow\Slotflow-Main-Backend\src\infrastructure\services\kafkaService.impl.ts:12:50)[39m
[31m    at LoginUseCase.execute (D:\Projects\BrocamP\Projects\Personal Projects\21. Slotflow\Slotflow-Main-Backend\src\application\useCases\auth\login.useCase.ts:48:41)[39m
[31m    at process.processTicksAndRejections (node:internal/process/task_queues:105:5)[39m
[31m    at async AuthController.login (D:\Projects\BrocamP\Projects\Personal Projects\21. Slotflow\Slotflow-Main-Backend\src\presentation\auth\auth.controller.ts:109:22)[39m
[2025-12-30 11:08:56] [[31merror[39m]: [31merror : [39m
[31mCast to ObjectId failed for value "1" (type string) at path "_id" for model "User"[39m
[31mCastError: Cast to ObjectId failed for value "1" (type string) at path "_id" for model "User"[39m
[31m    at SchemaObjectId.cast (D:\Projects\BrocamP\Projects\Personal Projects\21. Slotflow\Slotflow-Main-Backend\node_modules\mongoose\lib\schema\objectId.js:251:11)[39m
[31m    at SchemaType.applySetters (D:\Projects\BrocamP\Projects\Personal Projects\21. Slotflow\Slotflow-Main-Backend\node_modules\mongoose\lib\schemaType.js:1255:12)[39m
[31m    at SchemaType.castForQuery (D:\Projects\BrocamP\Projects\Personal Projects\21. Slotflow\Slotflow-Main-Backend\node_modules\mongoose\lib\schemaType.js:1673:17)[39m
[31m    at cast (D:\Projects\BrocamP\Projects\Personal Projects\21. Slotflow\Slotflow-Main-Backend\node_modules\mongoose\lib\cast.js:390:32)[39m
[31m    at Query.cast (D:\Projects\BrocamP\Projects\Personal Projects\21. Slotflow\Slotflow-Main-Backend\node_modules\mongoose\lib\query.js:4907:12)[39m
[31m    at Query._castConditions (D:\Projects\BrocamP\Projects\Personal Projects\21. Slotflow\Slotflow-Main-Backend\node_modules\mongoose\lib\query.js:2325:10)[39m
[31m    at model.Query._findOne (D:\Projects\BrocamP\Projects\Personal Projects\21. Slotflow\Slotflow-Main-Backend\node_modules\mongoose\lib\query.js:2648:8)[39m
[31m    at model.Query.exec (D:\Projects\BrocamP\Projects\Personal Projects\21. Slotflow\Slotflow-Main-Backend\node_modules\mongoose\lib\query.js:4456:80)[39m
[31m    at process.processTicksAndRejections (node:internal/process/task_queues:105:5)[39m
[31m    at async UserRepositoryImpl.findById (D:\Projects\BrocamP\Projects\Personal Projects\21. Slotflow\Slotflow-Main-Backend\src\infrastructure\database\user\user.repository.impl.ts:27:21)[39m
[2025-12-30 11:23:20] [[31merror[39m]: [31merror : [39m
[31mCast to ObjectId failed for value "1" (type string) at path "_id" for model "User"[39m
[31mCastError: Cast to ObjectId failed for value "1" (type string) at path "_id" for model "User"[39m
[31m    at SchemaObjectId.cast (D:\Projects\BrocamP\Projects\Personal Projects\21. Slotflow\Slotflow-Main-Backend\node_modules\mongoose\lib\schema\objectId.js:251:11)[39m
[31m    at SchemaType.applySetters (D:\Projects\BrocamP\Projects\Personal Projects\21. Slotflow\Slotflow-Main-Backend\node_modules\mongoose\lib\schemaType.js:1255:12)[39m
[31m    at SchemaType.castForQuery (D:\Projects\BrocamP\Projects\Personal Projects\21. Slotflow\Slotflow-Main-Backend\node_modules\mongoose\lib\schemaType.js:1673:17)[39m
[31m    at cast (D:\Projects\BrocamP\Projects\Personal Projects\21. Slotflow\Slotflow-Main-Backend\node_modules\mongoose\lib\cast.js:390:32)[39m
[31m    at Query.cast (D:\Projects\BrocamP\Projects\Personal Projects\21. Slotflow\Slotflow-Main-Backend\node_modules\mongoose\lib\query.js:4907:12)[39m
[31m    at Query._castConditions (D:\Projects\BrocamP\Projects\Personal Projects\21. Slotflow\Slotflow-Main-Backend\node_modules\mongoose\lib\query.js:2325:10)[39m
[31m    at model.Query._findOne (D:\Projects\BrocamP\Projects\Personal Projects\21. Slotflow\Slotflow-Main-Backend\node_modules\mongoose\lib\query.js:2648:8)[39m
[31m    at model.Query.exec (D:\Projects\BrocamP\Projects\Personal Projects\21. Slotflow\Slotflow-Main-Backend\node_modules\mongoose\lib\query.js:4456:80)[39m
[31m    at process.processTicksAndRejections (node:internal/process/task_queues:105:5)[39m
[31m    at async UserRepositoryImpl.findById (D:\Projects\BrocamP\Projects\Personal Projects\21. Slotflow\Slotflow-Main-Backend\src\infrastructure\database\user\user.repository.impl.ts:27:21)[39m
[2025-12-30 11:24:46] [[31merror[39m]: [31mGoogleAuthOrchestratorUseCase failed : [39m
[31minput must be a 24 character hex string, 12 byte Uint8Array, or an integer[39m
[31mBSONError: input must be a 24 character hex string, 12 byte Uint8Array, or an integer[39m
[31m    at new ObjectId (D:\Projects\BrocamP\Projects\Personal Projects\21. Slotflow\Slotflow-Main-Backend\node_modules\bson\src\objectid.ts:120:15)[39m
[31m    at Function.toPersistence (D:\Projects\BrocamP\Projects\Personal Projects\21. Slotflow\Slotflow-Main-Backend\src\infrastructure\mappers\credential.mapper.ts:26:21)[39m
[31m    at CredentialRepositoryImpl.create (D:\Projects\BrocamP\Projects\Personal Projects\21. Slotflow\Slotflow-Main-Backend\src\infrastructure\database\credential\credential.repository.impl.ts:9:46)[39m
[31m    at GoogleAuthOrchestratorUseCase.execute (D:\Projects\BrocamP\Projects\Personal Projects\21. Slotflow\Slotflow-Main-Backend\src\application\useCases\auth\googleAuthOrchestrate.useCase.ts:105:45)[39m
[31m    at process.processTicksAndRejections (node:internal/process/task_queues:105:5)[39m
[31m    at async <anonymous> (D:\Projects\BrocamP\Projects\Personal Projects\21. Slotflow\Slotflow-Main-Backend\src\presentation\auth\googleAuth.controller.ts:73:35)[39m
[2025-12-30 11:25:28] [[31merror[39m]: [31merror : [39m
[31mCast to ObjectId failed for value "1" (type string) at path "_id" for model "User"[39m
[31mCastError: Cast to ObjectId failed for value "1" (type string) at path "_id" for model "User"[39m
[31m    at SchemaObjectId.cast (D:\Projects\BrocamP\Projects\Personal Projects\21. Slotflow\Slotflow-Main-Backend\node_modules\mongoose\lib\schema\objectId.js:251:11)[39m
[31m    at SchemaType.applySetters (D:\Projects\BrocamP\Projects\Personal Projects\21. Slotflow\Slotflow-Main-Backend\node_modules\mongoose\lib\schemaType.js:1255:12)[39m
[31m    at SchemaType.castForQuery (D:\Projects\BrocamP\Projects\Personal Projects\21. Slotflow\Slotflow-Main-Backend\node_modules\mongoose\lib\schemaType.js:1673:17)[39m
[31m    at cast (D:\Projects\BrocamP\Projects\Personal Projects\21. Slotflow\Slotflow-Main-Backend\node_modules\mongoose\lib\cast.js:390:32)[39m
[31m    at Query.cast (D:\Projects\BrocamP\Projects\Personal Projects\21. Slotflow\Slotflow-Main-Backend\node_modules\mongoose\lib\query.js:4907:12)[39m
[31m    at Query._castConditions (D:\Projects\BrocamP\Projects\Personal Projects\21. Slotflow\Slotflow-Main-Backend\node_modules\mongoose\lib\query.js:2325:10)[39m
[31m    at model.Query._findOne (D:\Projects\BrocamP\Projects\Personal Projects\21. Slotflow\Slotflow-Main-Backend\node_modules\mongoose\lib\query.js:2648:8)[39m
[31m    at model.Query.exec (D:\Projects\BrocamP\Projects\Personal Projects\21. Slotflow\Slotflow-Main-Backend\node_modules\mongoose\lib\query.js:4456:80)[39m
[31m    at process.processTicksAndRejections (node:internal/process/task_queues:105:5)[39m
[31m    at async UserRepositoryImpl.findById (D:\Projects\BrocamP\Projects\Personal Projects\21. Slotflow\Slotflow-Main-Backend\src\infrastructure\database\user\user.repository.impl.ts:27:21)[39m
[2025-12-30 11:30:37] [[31merror[39m]: [31merror : [39m
[31mCast to ObjectId failed for value "1" (type string) at path "_id" for model "User"[39m
[31mCastError: Cast to ObjectId failed for value "1" (type string) at path "_id" for model "User"[39m
[31m    at SchemaObjectId.cast (D:\Projects\BrocamP\Projects\Personal Projects\21. Slotflow\Slotflow-Main-Backend\node_modules\mongoose\lib\schema\objectId.js:251:11)[39m
[31m    at SchemaType.applySetters (D:\Projects\BrocamP\Projects\Personal Projects\21. Slotflow\Slotflow-Main-Backend\node_modules\mongoose\lib\schemaType.js:1255:12)[39m
[31m    at SchemaType.castForQuery (D:\Projects\BrocamP\Projects\Personal Projects\21. Slotflow\Slotflow-Main-Backend\node_modules\mongoose\lib\schemaType.js:1673:17)[39m
[31m    at cast (D:\Projects\BrocamP\Projects\Personal Projects\21. Slotflow\Slotflow-Main-Backend\node_modules\mongoose\lib\cast.js:390:32)[39m
[31m    at Query.cast (D:\Projects\BrocamP\Projects\Personal Projects\21. Slotflow\Slotflow-Main-Backend\node_modules\mongoose\lib\query.js:4907:12)[39m
[31m    at Query._castConditions (D:\Projects\BrocamP\Projects\Personal Projects\21. Slotflow\Slotflow-Main-Backend\node_modules\mongoose\lib\query.js:2325:10)[39m
[31m    at model.Query._findOne (D:\Projects\BrocamP\Projects\Personal Projects\21. Slotflow\Slotflow-Main-Backend\node_modules\mongoose\lib\query.js:2648:8)[39m
[31m    at model.Query.exec (D:\Projects\BrocamP\Projects\Personal Projects\21. Slotflow\Slotflow-Main-Backend\node_modules\mongoose\lib\query.js:4456:80)[39m
[31m    at process.processTicksAndRejections (node:internal/process/task_queues:105:5)[39m
[31m    at async UserRepositoryImpl.findById (D:\Projects\BrocamP\Projects\Personal Projects\21. Slotflow\Slotflow-Main-Backend\src\infrastructure\database\user\user.repository.impl.ts:27:21)[39m
[2025-12-30 11:33:19] [[31merror[39m]: [31mGoogleAuthOrchestratorUseCase failed : [39m
[31minput must be a 24 character hex string, 12 byte Uint8Array, or an integer[39m
[31mBSONError: input must be a 24 character hex string, 12 byte Uint8Array, or an integer[39m
[31m    at new ObjectId (D:\Projects\BrocamP\Projects\Personal Projects\21. Slotflow\Slotflow-Main-Backend\node_modules\bson\src\objectid.ts:120:15)[39m
[31m    at Function.toPersistence (D:\Projects\BrocamP\Projects\Personal Projects\21. Slotflow\Slotflow-Main-Backend\src\infrastructure\mappers\credential.mapper.ts:26:21)[39m
[31m    at CredentialRepositoryImpl.create (D:\Projects\BrocamP\Projects\Personal Projects\21. Slotflow\Slotflow-Main-Backend\src\infrastructure\database\credential\credential.repository.impl.ts:9:46)[39m
[31m    at GoogleAuthOrchestratorUseCase.execute (D:\Projects\BrocamP\Projects\Personal Projects\21. Slotflow\Slotflow-Main-Backend\src\application\useCases\auth\googleAuthOrchestrate.useCase.ts:105:45)[39m
[31m    at process.processTicksAndRejections (node:internal/process/task_queues:105:5)[39m
[31m    at async <anonymous> (D:\Projects\BrocamP\Projects\Personal Projects\21. Slotflow\Slotflow-Main-Backend\src\presentation\auth\googleAuth.controller.ts:73:35)[39m
[2025-12-30 11:33:42] [[31merror[39m]: [31merror : [39m
[31mCast to ObjectId failed for value "1" (type string) at path "_id" for model "User"[39m
[31mCastError: Cast to ObjectId failed for value "1" (type string) at path "_id" for model "User"[39m
[31m    at SchemaObjectId.cast (D:\Projects\BrocamP\Projects\Personal Projects\21. Slotflow\Slotflow-Main-Backend\node_modules\mongoose\lib\schema\objectId.js:251:11)[39m
[31m    at SchemaType.applySetters (D:\Projects\BrocamP\Projects\Personal Projects\21. Slotflow\Slotflow-Main-Backend\node_modules\mongoose\lib\schemaType.js:1255:12)[39m
[31m    at SchemaType.castForQuery (D:\Projects\BrocamP\Projects\Personal Projects\21. Slotflow\Slotflow-Main-Backend\node_modules\mongoose\lib\schemaType.js:1673:17)[39m
[31m    at cast (D:\Projects\BrocamP\Projects\Personal Projects\21. Slotflow\Slotflow-Main-Backend\node_modules\mongoose\lib\cast.js:390:32)[39m
[31m    at Query.cast (D:\Projects\BrocamP\Projects\Personal Projects\21. Slotflow\Slotflow-Main-Backend\node_modules\mongoose\lib\query.js:4907:12)[39m
[31m    at Query._castConditions (D:\Projects\BrocamP\Projects\Personal Projects\21. Slotflow\Slotflow-Main-Backend\node_modules\mongoose\lib\query.js:2325:10)[39m
[31m    at model.Query._findOne (D:\Projects\BrocamP\Projects\Personal Projects\21. Slotflow\Slotflow-Main-Backend\node_modules\mongoose\lib\query.js:2648:8)[39m
[31m    at model.Query.exec (D:\Projects\BrocamP\Projects\Personal Projects\21. Slotflow\Slotflow-Main-Backend\node_modules\mongoose\lib\query.js:4456:80)[39m
[31m    at process.processTicksAndRejections (node:internal/process/task_queues:105:5)[39m
[31m    at async UserRepositoryImpl.findById (D:\Projects\BrocamP\Projects\Personal Projects\21. Slotflow\Slotflow-Main-Backend\src\infrastructure\database\user\user.repository.impl.ts:27:21)[39m
[2025-12-30 11:44:55] [[31merror[39m]: [31mGoogleAuthOrchestratorUseCase failed : [39m
[31minput must be a 24 character hex string, 12 byte Uint8Array, or an integer[39m
[31mBSONError: input must be a 24 character hex string, 12 byte Uint8Array, or an integer[39m
[31m    at new ObjectId (D:\Projects\BrocamP\Projects\Personal Projects\21. Slotflow\Slotflow-Main-Backend\node_modules\bson\src\objectid.ts:120:15)[39m
[31m    at Function.toPersistence (D:\Projects\BrocamP\Projects\Personal Projects\21. Slotflow\Slotflow-Main-Backend\src\infrastructure\mappers\credential.mapper.ts:26:21)[39m
[31m    at CredentialRepositoryImpl.create (D:\Projects\BrocamP\Projects\Personal Projects\21. Slotflow\Slotflow-Main-Backend\src\infrastructure\database\credential\credential.repository.impl.ts:9:46)[39m
[31m    at GoogleAuthOrchestratorUseCase.execute (D:\Projects\BrocamP\Projects\Personal Projects\21. Slotflow\Slotflow-Main-Backend\src\application\useCases\auth\googleAuthOrchestrate.useCase.ts:109:45)[39m
[31m    at process.processTicksAndRejections (node:internal/process/task_queues:105:5)[39m
[31m    at async <anonymous> (D:\Projects\BrocamP\Projects\Personal Projects\21. Slotflow\Slotflow-Main-Backend\src\presentation\auth\googleAuth.controller.ts:73:35)[39m
[2025-12-30 11:48:55] [[31merror[39m]: [31merror : [39m
[31mCast to ObjectId failed for value "1" (type string) at path "_id" for model "User"[39m
[31mCastError: Cast to ObjectId failed for value "1" (type string) at path "_id" for model "User"[39m
[31m    at SchemaObjectId.cast (D:\Projects\BrocamP\Projects\Personal Projects\21. Slotflow\Slotflow-Main-Backend\node_modules\mongoose\lib\schema\objectId.js:251:11)[39m
[31m    at SchemaType.applySetters (D:\Projects\BrocamP\Projects\Personal Projects\21. Slotflow\Slotflow-Main-Backend\node_modules\mongoose\lib\schemaType.js:1255:12)[39m
[31m    at SchemaType.castForQuery (D:\Projects\BrocamP\Projects\Personal Projects\21. Slotflow\Slotflow-Main-Backend\node_modules\mongoose\lib\schemaType.js:1673:17)[39m
[31m    at cast (D:\Projects\BrocamP\Projects\Personal Projects\21. Slotflow\Slotflow-Main-Backend\node_modules\mongoose\lib\cast.js:390:32)[39m
[31m    at Query.cast (D:\Projects\BrocamP\Projects\Personal Projects\21. Slotflow\Slotflow-Main-Backend\node_modules\mongoose\lib\query.js:4907:12)[39m
[31m    at Query._castConditions (D:\Projects\BrocamP\Projects\Personal Projects\21. Slotflow\Slotflow-Main-Backend\node_modules\mongoose\lib\query.js:2325:10)[39m
[31m    at model.Query._findOne (D:\Projects\BrocamP\Projects\Personal Projects\21. Slotflow\Slotflow-Main-Backend\node_modules\mongoose\lib\query.js:2648:8)[39m
[31m    at model.Query.exec (D:\Projects\BrocamP\Projects\Personal Projects\21. Slotflow\Slotflow-Main-Backend\node_modules\mongoose\lib\query.js:4456:80)[39m
[31m    at process.processTicksAndRejections (node:internal/process/task_queues:105:5)[39m
[31m    at async UserRepositoryImpl.findById (D:\Projects\BrocamP\Projects\Personal Projects\21. Slotflow\Slotflow-Main-Backend\src\infrastructure\database\user\user.repository.impl.ts:27:21)[39m
[2025-12-30 11:54:42] [[31merror[39m]: [31merror from here : [39m
[31mCast to ObjectId failed for value "1" (type string) at path "_id" for model "User"[39m
[31mCastError: Cast to ObjectId failed for value "1" (type string) at path "_id" for model "User"[39m
[31m    at SchemaObjectId.cast (D:\Projects\BrocamP\Projects\Personal Projects\21. Slotflow\Slotflow-Main-Backend\node_modules\mongoose\lib\schema\objectId.js:251:11)[39m
[31m    at SchemaType.applySetters (D:\Projects\BrocamP\Projects\Personal Projects\21. Slotflow\Slotflow-Main-Backend\node_modules\mongoose\lib\schemaType.js:1255:12)[39m
[31m    at SchemaType.castForQuery (D:\Projects\BrocamP\Projects\Personal Projects\21. Slotflow\Slotflow-Main-Backend\node_modules\mongoose\lib\schemaType.js:1673:17)[39m
[31m    at cast (D:\Projects\BrocamP\Projects\Personal Projects\21. Slotflow\Slotflow-Main-Backend\node_modules\mongoose\lib\cast.js:390:32)[39m
[31m    at Query.cast (D:\Projects\BrocamP\Projects\Personal Projects\21. Slotflow\Slotflow-Main-Backend\node_modules\mongoose\lib\query.js:4907:12)[39m
[31m    at Query._castConditions (D:\Projects\BrocamP\Projects\Personal Projects\21. Slotflow\Slotflow-Main-Backend\node_modules\mongoose\lib\query.js:2325:10)[39m
[31m    at model.Query._findOne (D:\Projects\BrocamP\Projects\Personal Projects\21. Slotflow\Slotflow-Main-Backend\node_modules\mongoose\lib\query.js:2648:8)[39m
[31m    at model.Query.exec (D:\Projects\BrocamP\Projects\Personal Projects\21. Slotflow\Slotflow-Main-Backend\node_modules\mongoose\lib\query.js:4456:80)[39m
[31m    at process.processTicksAndRejections (node:internal/process/task_queues:105:5)[39m
[31m    at async UserRepositoryImpl.findById (D:\Projects\BrocamP\Projects\Personal Projects\21. Slotflow\Slotflow-Main-Backend\src\infrastructure\database\user\user.repository.impl.ts:27:21)[39m
[2025-12-30 12:08:45] [[31merror[39m]: [31merror from here : [39m
[31mCast to ObjectId failed for value "1" (type string) at path "_id" for model "User"[39m
[31mCastError: Cast to ObjectId failed for value "1" (type string) at path "_id" for model "User"[39m
[31m    at SchemaObjectId.cast (D:\Projects\BrocamP\Projects\Personal Projects\21. Slotflow\Slotflow-Main-Backend\node_modules\mongoose\lib\schema\objectId.js:251:11)[39m
[31m    at SchemaType.applySetters (D:\Projects\BrocamP\Projects\Personal Projects\21. Slotflow\Slotflow-Main-Backend\node_modules\mongoose\lib\schemaType.js:1255:12)[39m
[31m    at SchemaType.castForQuery (D:\Projects\BrocamP\Projects\Personal Projects\21. Slotflow\Slotflow-Main-Backend\node_modules\mongoose\lib\schemaType.js:1673:17)[39m
[31m    at cast (D:\Projects\BrocamP\Projects\Personal Projects\21. Slotflow\Slotflow-Main-Backend\node_modules\mongoose\lib\cast.js:390:32)[39m
[31m    at Query.cast (D:\Projects\BrocamP\Projects\Personal Projects\21. Slotflow\Slotflow-Main-Backend\node_modules\mongoose\lib\query.js:4907:12)[39m
[31m    at Query._castConditions (D:\Projects\BrocamP\Projects\Personal Projects\21. Slotflow\Slotflow-Main-Backend\node_modules\mongoose\lib\query.js:2325:10)[39m
[31m    at model.Query._findOne (D:\Projects\BrocamP\Projects\Personal Projects\21. Slotflow\Slotflow-Main-Backend\node_modules\mongoose\lib\query.js:2648:8)[39m
[31m    at model.Query.exec (D:\Projects\BrocamP\Projects\Personal Projects\21. Slotflow\Slotflow-Main-Backend\node_modules\mongoose\lib\query.js:4456:80)[39m
[31m    at process.processTicksAndRejections (node:internal/process/task_queues:105:5)[39m
[31m    at async UserRepositoryImpl.findById (D:\Projects\BrocamP\Projects\Personal Projects\21. Slotflow\Slotflow-Main-Backend\src\infrastructure\database\user\user.repository.impl.ts:27:21)[39m
[2025-12-30 12:17:43] [[31merror[39m]: [31mFethGoogleCalendarUseCase failed[39m
[31mCredential not found[39m
[31mError: Credential not found[39m
[31m    at FethGoogleCalendarUseCase.execute (D:\Projects\BrocamP\Projects\Personal Projects\21. Slotflow\Slotflow-Main-Backend\src\application\useCases\common\fetchGoogleCalendar.useCase.ts:18:19)[39m
[31m    at process.processTicksAndRejections (node:internal/process/task_queues:105:5)[39m
[31m    at async GoogleController.getUserEvents (D:\Projects\BrocamP\Projects\Personal Projects\21. Slotflow\Slotflow-Main-Backend\src\presentation\google\google.controller.ts:21:28)[39m
[2025-12-30 12:17:43] [[31merror[39m]: [31mgetUserEvents failed[39m
[31mCalendar events fetching failed[39m
[31mError: Calendar events fetching failed[39m
[31m    at FethGoogleCalendarUseCase.execute (D:\Projects\BrocamP\Projects\Personal Projects\21. Slotflow\Slotflow-Main-Backend\src\application\useCases\common\fetchGoogleCalendar.useCase.ts:44:19)[39m
[31m    at process.processTicksAndRejections (node:internal/process/task_queues:105:5)[39m
[31m    at async GoogleController.getUserEvents (D:\Projects\BrocamP\Projects\Personal Projects\21. Slotflow\Slotflow-Main-Backend\src\presentation\google\google.controller.ts:21:28)[39m
[2025-12-30 12:17:44] [[31merror[39m]: [31mFethGoogleCalendarUseCase failed[39m
[31mCredential not found[39m
[31mError: Credential not found[39m
[31m    at FethGoogleCalendarUseCase.execute (D:\Projects\BrocamP\Projects\Personal Projects\21. Slotflow\Slotflow-Main-Backend\src\application\useCases\common\fetchGoogleCalendar.useCase.ts:18:19)[39m
[31m    at process.processTicksAndRejections (node:internal/process/task_queues:105:5)[39m
[31m    at async GoogleController.getUserEvents (D:\Projects\BrocamP\Projects\Personal Projects\21. Slotflow\Slotflow-Main-Backend\src\presentation\google\google.controller.ts:21:28)[39m
[2025-12-30 12:17:44] [[31merror[39m]: [31mgetUserEvents failed[39m
[31mCalendar events fetching failed[39m
[31mError: Calendar events fetching failed[39m
[31m    at FethGoogleCalendarUseCase.execute (D:\Projects\BrocamP\Projects\Personal Projects\21. Slotflow\Slotflow-Main-Backend\src\application\useCases\common\fetchGoogleCalendar.useCase.ts:44:19)[39m
[31m    at process.processTicksAndRejections (node:internal/process/task_queues:105:5)[39m
[31m    at async GoogleController.getUserEvents (D:\Projects\BrocamP\Projects\Personal Projects\21. Slotflow\Slotflow-Main-Backend\src\presentation\google\google.controller.ts:21:28)[39m
[2025-12-30 13:00:05] [[31merror[39m]: [31mGoogleAuthOrchestratorUseCase failed : [39m
[31mProvider validation failed: createdAt: Path `createdAt` is required.[39m
[31mValidationError: Provider validation failed: createdAt: Path `createdAt` is required.[39m
[31m    at Document.invalidate (D:\Projects\BrocamP\Projects\Personal Projects\21. Slotflow\Slotflow-Main-Backend\node_modules\mongoose\lib\document.js:3329:32)[39m
[31m    at D:\Projects\BrocamP\Projects\Personal Projects\21. Slotflow\Slotflow-Main-Backend\node_modules\mongoose\lib\document.js:3090:17[39m
[31m    at D:\Projects\BrocamP\Projects\Personal Projects\21. Slotflow\Slotflow-Main-Backend\node_modules\mongoose\lib\schemaType.js:1407:9[39m
[31m    at process.processTicksAndRejections (node:internal/process/task_queues:85:11)[39m
[2025-12-30 19:56:06] [[31merror[39m]: [31mGoogleAuthOrchestratorUseCase failed : [39m
[31mCannot read properties of undefined (reading 'length')[39m
[31mTypeError: Cannot read properties of undefined (reading 'length')[39m
[31m    at GoogleAuthOrchestratorUseCase.execute (D:\Projects\BrocamP\Projects\Personal Projects\21. Slotflow\Slotflow-Main-Backend\src\application\useCases\auth\googleAuthOrchestrate.useCase.ts:291:104)[39m
[31m    at process.processTicksAndRejections (node:internal/process/task_queues:105:5)[39m
[31m    at async <anonymous> (D:\Projects\BrocamP\Projects\Personal Projects\21. Slotflow\Slotflow-Main-Backend\src\presentation\auth\googleAuth.controller.ts:73:54)[39m
[2025-12-30 20:44:55] [[31merror[39m]: [31mGoogleAuthOrchestratorUseCase failed : [39m
[31mCannot read properties of undefined (reading 'length')[39m
[31mTypeError: Cannot read properties of undefined (reading 'length')[39m
[31m    at GoogleAuthOrchestratorUseCase.execute (D:\Projects\BrocamP\Projects\Personal Projects\21. Slotflow\Slotflow-Main-Backend\src\application\useCases\auth\googleAuthOrchestrate.useCase.ts:291:104)[39m
[31m    at process.processTicksAndRejections (node:internal/process/task_queues:105:5)[39m
[31m    at async <anonymous> (D:\Projects\BrocamP\Projects\Personal Projects\21. Slotflow\Slotflow-Main-Backend\src\presentation\auth\googleAuth.controller.ts:73:54)[39m
[2025-12-31 14:04:02] [[31merror[39m]: [31mFethGoogleCalendarUseCase failed[39m
[31mCredential not found[39m
[31mError: Credential not found[39m
[31m    at FethGoogleCalendarUseCase.execute (D:\Projects\BrocamP\Projects\Personal Projects\21. Slotflow\Slotflow-Main-Backend\src\application\useCases\common\fetchGoogleCalendar.useCase.ts:18:19)[39m
[31m    at process.processTicksAndRejections (node:internal/process/task_queues:105:5)[39m
[31m    at async GoogleController.getUserEvents (D:\Projects\BrocamP\Projects\Personal Projects\21. Slotflow\Slotflow-Main-Backend\src\presentation\google\google.controller.ts:21:28)[39m
[2025-12-31 14:04:02] [[31merror[39m]: [31mgetUserEvents failed[39m
[31mCalendar events fetching failed[39m
[31mError: Calendar events fetching failed[39m
[31m    at FethGoogleCalendarUseCase.execute (D:\Projects\BrocamP\Projects\Personal Projects\21. Slotflow\Slotflow-Main-Backend\src\application\useCases\common\fetchGoogleCalendar.useCase.ts:44:19)[39m
[31m    at process.processTicksAndRejections (node:internal/process/task_queues:105:5)[39m
[31m    at async GoogleController.getUserEvents (D:\Projects\BrocamP\Projects\Personal Projects\21. Slotflow\Slotflow-Main-Backend\src\presentation\google\google.controller.ts:21:28)[39m
[2025-12-31 14:04:03] [[31merror[39m]: [31mFethGoogleCalendarUseCase failed[39m
[31mCredential not found[39m
[31mError: Credential not found[39m
[31m    at FethGoogleCalendarUseCase.execute (D:\Projects\BrocamP\Projects\Personal Projects\21. Slotflow\Slotflow-Main-Backend\src\application\useCases\common\fetchGoogleCalendar.useCase.ts:18:19)[39m
[31m    at process.processTicksAndRejections (node:internal/process/task_queues:105:5)[39m
[31m    at async GoogleController.getUserEvents (D:\Projects\BrocamP\Projects\Personal Projects\21. Slotflow\Slotflow-Main-Backend\src\presentation\google\google.controller.ts:21:28)[39m
[2025-12-31 14:04:03] [[31merror[39m]: [31mgetUserEvents failed[39m
[31mCalendar events fetching failed[39m
[31mError: Calendar events fetching failed[39m
[31m    at FethGoogleCalendarUseCase.execute (D:\Projects\BrocamP\Projects\Personal Projects\21. Slotflow\Slotflow-Main-Backend\src\application\useCases\common\fetchGoogleCalendar.useCase.ts:44:19)[39m
[31m    at process.processTicksAndRejections (node:internal/process/task_queues:105:5)[39m
[31m    at async GoogleController.getUserEvents (D:\Projects\BrocamP\Projects\Personal Projects\21. Slotflow\Slotflow-Main-Backend\src\presentation\google\google.controller.ts:21:28)[39m
[2026-01-05 15:38:55] [[31merror[39m]: [31mAdminFetchProviderServiceUseCase failed[39m
[31mCannot read properties of undefined (reading 'serviceName')[39m
[31mTypeError: Cannot read properties of undefined (reading 'serviceName')[39m
[31m    at ProviderServiceQueriesImpl.findByProviderId (D:\Projects\BrocamP\Projects\Personal Projects\21. Slotflow\Slotflow-Main-Backend\src\infrastructure\queries\providerServiceQueries.impl.ts:25:47)[39m
[31m    at process.processTicksAndRejections (node:internal/process/task_queues:105:5)[39m
[31m    at async AdminFetchProviderServiceUseCase.execute (D:\Projects\BrocamP\Projects\Personal Projects\21. Slotflow\Slotflow-Main-Backend\src\application\useCases\admin\adminProviderProfile.useCase.ts:73:29)[39m
[31m    at async AdminProviderController.fetchProviderService (D:\Projects\BrocamP\Projects\Personal Projects\21. Slotflow\Slotflow-Main-Backend\src\presentation\admin\adminProvider.controller.ts:140:28)[39m
[2026-01-05 15:38:55] [[31merror[39m]: [31mfetchProviderService failed[39m
[31mCannot read properties of undefined (reading 'serviceName')[39m
[31mTypeError: Cannot read properties of undefined (reading 'serviceName')[39m
[31m    at ProviderServiceQueriesImpl.findByProviderId (D:\Projects\BrocamP\Projects\Personal Projects\21. Slotflow\Slotflow-Main-Backend\src\infrastructure\queries\providerServiceQueries.impl.ts:25:47)[39m
[31m    at process.processTicksAndRejections (node:internal/process/task_queues:105:5)[39m
[31m    at async AdminFetchProviderServiceUseCase.execute (D:\Projects\BrocamP\Projects\Personal Projects\21. Slotflow\Slotflow-Main-Backend\src\application\useCases\admin\adminProviderProfile.useCase.ts:73:29)[39m
[31m    at async AdminProviderController.fetchProviderService (D:\Projects\BrocamP\Projects\Personal Projects\21. Slotflow\Slotflow-Main-Backend\src\presentation\admin\adminProvider.controller.ts:140:28)[39m
[2026-01-05 15:38:56] [[31merror[39m]: [31mAdminFetchProviderServiceUseCase failed[39m
[31mCannot read properties of undefined (reading 'serviceName')[39m
[31mTypeError: Cannot read properties of undefined (reading 'serviceName')[39m
[31m    at ProviderServiceQueriesImpl.findByProviderId (D:\Projects\BrocamP\Projects\Personal Projects\21. Slotflow\Slotflow-Main-Backend\src\infrastructure\queries\providerServiceQueries.impl.ts:25:47)[39m
[31m    at process.processTicksAndRejections (node:internal/process/task_queues:105:5)[39m
[31m    at async AdminFetchProviderServiceUseCase.execute (D:\Projects\BrocamP\Projects\Personal Projects\21. Slotflow\Slotflow-Main-Backend\src\application\useCases\admin\adminProviderProfile.useCase.ts:73:29)[39m
[31m    at async AdminProviderController.fetchProviderService (D:\Projects\BrocamP\Projects\Personal Projects\21. Slotflow\Slotflow-Main-Backend\src\presentation\admin\adminProvider.controller.ts:140:28)[39m
[2026-01-05 15:38:56] [[31merror[39m]: [31mfetchProviderService failed[39m
[31mCannot read properties of undefined (reading 'serviceName')[39m
[31mTypeError: Cannot read properties of undefined (reading 'serviceName')[39m
[31m    at ProviderServiceQueriesImpl.findByProviderId (D:\Projects\BrocamP\Projects\Personal Projects\21. Slotflow\Slotflow-Main-Backend\src\infrastructure\queries\providerServiceQueries.impl.ts:25:47)[39m
[31m    at process.processTicksAndRejections (node:internal/process/task_queues:105:5)[39m
[31m    at async AdminFetchProviderServiceUseCase.execute (D:\Projects\BrocamP\Projects\Personal Projects\21. Slotflow\Slotflow-Main-Backend\src\application\useCases\admin\adminProviderProfile.useCase.ts:73:29)[39m
[31m    at async AdminProviderController.fetchProviderService (D:\Projects\BrocamP\Projects\Personal Projects\21. Slotflow\Slotflow-Main-Backend\src\presentation\admin\adminProvider.controller.ts:140:28)[39m
[2026-01-05 19:38:06] [[31merror[39m]: [31mUserFetchServiceProvidersUseCase failed[39m
[31mCannot read properties of undefined (reading '_id')[39m
[31mTypeError: Cannot read properties of undefined (reading '_id')[39m
[31m    at <anonymous> (D:\Projects\BrocamP\Projects\Personal Projects\21. Slotflow\Slotflow-Main-Backend\src\infrastructure\queries\providerServiceQueries.impl.ts:123:33)[39m
[31m    at Array.map (<anonymous>)[39m
[31m    at ProviderServiceQueriesImpl.findProvidersUsingServiceIds (D:\Projects\BrocamP\Projects\Personal Projects\21. Slotflow\Slotflow-Main-Backend\src\infrastructure\queries\providerServiceQueries.impl.ts:120:26)[39m
[31m    at process.processTicksAndRejections (node:internal/process/task_queues:105:5)[39m
[31m    at async UserFetchServiceProvidersUseCase.execute (D:\Projects\BrocamP\Projects\Personal Projects\21. Slotflow\Slotflow-Main-Backend\src\application\useCases\user\userProvider.useCase.ts:27:25)[39m
[31m    at async UserProviderController.fetchServiceProviders (D:\Projects\BrocamP\Projects\Personal Projects\21. Slotflow\Slotflow-Main-Backend\src\presentation\user\userProvider.controller.ts:40:28)[39m
[2026-01-05 19:38:06] [[31merror[39m]: [31mfetchServiceProviders failed[39m
[31mCannot read properties of undefined (reading '_id')[39m
[31mTypeError: Cannot read properties of undefined (reading '_id')[39m
[31m    at <anonymous> (D:\Projects\BrocamP\Projects\Personal Projects\21. Slotflow\Slotflow-Main-Backend\src\infrastructure\queries\providerServiceQueries.impl.ts:123:33)[39m
[31m    at Array.map (<anonymous>)[39m
[31m    at ProviderServiceQueriesImpl.findProvidersUsingServiceIds (D:\Projects\BrocamP\Projects\Personal Projects\21. Slotflow\Slotflow-Main-Backend\src\infrastructure\queries\providerServiceQueries.impl.ts:120:26)[39m
[31m    at process.processTicksAndRejections (node:internal/process/task_queues:105:5)[39m
[31m    at async UserFetchServiceProvidersUseCase.execute (D:\Projects\BrocamP\Projects\Personal Projects\21. Slotflow\Slotflow-Main-Backend\src\application\useCases\user\userProvider.useCase.ts:27:25)[39m
[31m    at async UserProviderController.fetchServiceProviders (D:\Projects\BrocamP\Projects\Personal Projects\21. Slotflow\Slotflow-Main-Backend\src\presentation\user\userProvider.controller.ts:40:28)[39m
[2026-01-05 19:38:07] [[31merror[39m]: [31mUserFetchServiceProvidersUseCase failed[39m
[31mCannot read properties of undefined (reading '_id')[39m
[31mTypeError: Cannot read properties of undefined (reading '_id')[39m
[31m    at <anonymous> (D:\Projects\BrocamP\Projects\Personal Projects\21. Slotflow\Slotflow-Main-Backend\src\infrastructure\queries\providerServiceQueries.impl.ts:123:33)[39m
[31m    at Array.map (<anonymous>)[39m
[31m    at ProviderServiceQueriesImpl.findProvidersUsingServiceIds (D:\Projects\BrocamP\Projects\Personal Projects\21. Slotflow\Slotflow-Main-Backend\src\infrastructure\queries\providerServiceQueries.impl.ts:120:26)[39m
[31m    at process.processTicksAndRejections (node:internal/process/task_queues:105:5)[39m
[31m    at async UserFetchServiceProvidersUseCase.execute (D:\Projects\BrocamP\Projects\Personal Projects\21. Slotflow\Slotflow-Main-Backend\src\application\useCases\user\userProvider.useCase.ts:27:25)[39m
[31m    at async UserProviderController.fetchServiceProviders (D:\Projects\BrocamP\Projects\Personal Projects\21. Slotflow\Slotflow-Main-Backend\src\presentation\user\userProvider.controller.ts:40:28)[39m
[2026-01-05 19:38:07] [[31merror[39m]: [31mfetchServiceProviders failed[39m
[31mCannot read properties of undefined (reading '_id')[39m
[31mTypeError: Cannot read properties of undefined (reading '_id')[39m
[31m    at <anonymous> (D:\Projects\BrocamP\Projects\Personal Projects\21. Slotflow\Slotflow-Main-Backend\src\infrastructure\queries\providerServiceQueries.impl.ts:123:33)[39m
[31m    at Array.map (<anonymous>)[39m
[31m    at ProviderServiceQueriesImpl.findProvidersUsingServiceIds (D:\Projects\BrocamP\Projects\Personal Projects\21. Slotflow\Slotflow-Main-Backend\src\infrastructure\queries\providerServiceQueries.impl.ts:120:26)[39m
[31m    at process.processTicksAndRejections (node:internal/process/task_queues:105:5)[39m
[31m    at async UserFetchServiceProvidersUseCase.execute (D:\Projects\BrocamP\Projects\Personal Projects\21. Slotflow\Slotflow-Main-Backend\src\application\useCases\user\userProvider.useCase.ts:27:25)[39m
[31m    at async UserProviderController.fetchServiceProviders (D:\Projects\BrocamP\Projects\Personal Projects\21. Slotflow\Slotflow-Main-Backend\src\presentation\user\userProvider.controller.ts:40:28)[39m
[2026-01-05 19:39:00] [[31merror[39m]: [31mUserFetchServiceProvidersUseCase failed[39m
[31mCannot read properties of undefined (reading '_id')[39m
[31mTypeError: Cannot read properties of undefined (reading '_id')[39m
[31m    at <anonymous> (D:\Projects\BrocamP\Projects\Personal Projects\21. Slotflow\Slotflow-Main-Backend\src\infrastructure\queries\providerServiceQueries.impl.ts:125:33)[39m
[31m    at Array.map (<anonymous>)[39m
[31m    at ProviderServiceQueriesImpl.findProvidersUsingServiceIds (D:\Projects\BrocamP\Projects\Personal Projects\21. Slotflow\Slotflow-Main-Backend\src\infrastructure\queries\providerServiceQueries.impl.ts:122:26)[39m
[31m    at process.processTicksAndRejections (node:internal/process/task_queues:105:5)[39m
[31m    at async UserFetchServiceProvidersUseCase.execute (D:\Projects\BrocamP\Projects\Personal Projects\21. Slotflow\Slotflow-Main-Backend\src\application\useCases\user\userProvider.useCase.ts:27:25)[39m
[31m    at async UserProviderController.fetchServiceProviders (D:\Projects\BrocamP\Projects\Personal Projects\21. Slotflow\Slotflow-Main-Backend\src\presentation\user\userProvider.controller.ts:40:28)[39m
[2026-01-05 19:39:00] [[31merror[39m]: [31mfetchServiceProviders failed[39m
[31mCannot read properties of undefined (reading '_id')[39m
[31mTypeError: Cannot read properties of undefined (reading '_id')[39m
[31m    at <anonymous> (D:\Projects\BrocamP\Projects\Personal Projects\21. Slotflow\Slotflow-Main-Backend\src\infrastructure\queries\providerServiceQueries.impl.ts:125:33)[39m
[31m    at Array.map (<anonymous>)[39m
[31m    at ProviderServiceQueriesImpl.findProvidersUsingServiceIds (D:\Projects\BrocamP\Projects\Personal Projects\21. Slotflow\Slotflow-Main-Backend\src\infrastructure\queries\providerServiceQueries.impl.ts:122:26)[39m
[31m    at process.processTicksAndRejections (node:internal/process/task_queues:105:5)[39m
[31m    at async UserFetchServiceProvidersUseCase.execute (D:\Projects\BrocamP\Projects\Personal Projects\21. Slotflow\Slotflow-Main-Backend\src\application\useCases\user\userProvider.useCase.ts:27:25)[39m
[31m    at async UserProviderController.fetchServiceProviders (D:\Projects\BrocamP\Projects\Personal Projects\21. Slotflow\Slotflow-Main-Backend\src\presentation\user\userProvider.controller.ts:40:28)[39m
[2026-01-05 19:39:02] [[31merror[39m]: [31mUserFetchServiceProvidersUseCase failed[39m
[31mCannot read properties of undefined (reading '_id')[39m
[31mTypeError: Cannot read properties of undefined (reading '_id')[39m
[31m    at <anonymous> (D:\Projects\BrocamP\Projects\Personal Projects\21. Slotflow\Slotflow-Main-Backend\src\infrastructure\queries\providerServiceQueries.impl.ts:125:33)[39m
[31m    at Array.map (<anonymous>)[39m
[31m    at ProviderServiceQueriesImpl.findProvidersUsingServiceIds (D:\Projects\BrocamP\Projects\Personal Projects\21. Slotflow\Slotflow-Main-Backend\src\infrastructure\queries\providerServiceQueries.impl.ts:122:26)[39m
[31m    at process.processTicksAndRejections (node:internal/process/task_queues:105:5)[39m
[31m    at async UserFetchServiceProvidersUseCase.execute (D:\Projects\BrocamP\Projects\Personal Projects\21. Slotflow\Slotflow-Main-Backend\src\application\useCases\user\userProvider.useCase.ts:27:25)[39m
[31m    at async UserProviderController.fetchServiceProviders (D:\Projects\BrocamP\Projects\Personal Projects\21. Slotflow\Slotflow-Main-Backend\src\presentation\user\userProvider.controller.ts:40:28)[39m
[2026-01-05 19:39:02] [[31merror[39m]: [31mfetchServiceProviders failed[39m
[31mCannot read properties of undefined (reading '_id')[39m
[31mTypeError: Cannot read properties of undefined (reading '_id')[39m
[31m    at <anonymous> (D:\Projects\BrocamP\Projects\Personal Projects\21. Slotflow\Slotflow-Main-Backend\src\infrastructure\queries\providerServiceQueries.impl.ts:125:33)[39m
[31m    at Array.map (<anonymous>)[39m
[31m    at ProviderServiceQueriesImpl.findProvidersUsingServiceIds (D:\Projects\BrocamP\Projects\Personal Projects\21. Slotflow\Slotflow-Main-Backend\src\infrastructure\queries\providerServiceQueries.impl.ts:122:26)[39m
[31m    at process.processTicksAndRejections (node:internal/process/task_queues:105:5)[39m
[31m    at async UserFetchServiceProvidersUseCase.execute (D:\Projects\BrocamP\Projects\Personal Projects\21. Slotflow\Slotflow-Main-Backend\src\application\useCases\user\userProvider.useCase.ts:27:25)[39m
[31m    at async UserProviderController.fetchServiceProviders (D:\Projects\BrocamP\Projects\Personal Projects\21. Slotflow\Slotflow-Main-Backend\src\presentation\user\userProvider.controller.ts:40:28)[39m
[2026-01-05 19:39:03] [[31merror[39m]: [31mUserFetchServiceProvidersUseCase failed[39m
[31mCannot read properties of undefined (reading '_id')[39m
[31mTypeError: Cannot read properties of undefined (reading '_id')[39m
[31m    at <anonymous> (D:\Projects\BrocamP\Projects\Personal Projects\21. Slotflow\Slotflow-Main-Backend\src\infrastructure\queries\providerServiceQueries.impl.ts:125:33)[39m
[31m    at Array.map (<anonymous>)[39m
[31m    at ProviderServiceQueriesImpl.findProvidersUsingServiceIds (D:\Projects\BrocamP\Projects\Personal Projects\21. Slotflow\Slotflow-Main-Backend\src\infrastructure\queries\providerServiceQueries.impl.ts:122:26)[39m
[31m    at process.processTicksAndRejections (node:internal/process/task_queues:105:5)[39m
[31m    at async UserFetchServiceProvidersUseCase.execute (D:\Projects\BrocamP\Projects\Personal Projects\21. Slotflow\Slotflow-Main-Backend\src\application\useCases\user\userProvider.useCase.ts:27:25)[39m
[31m    at async UserProviderController.fetchServiceProviders (D:\Projects\BrocamP\Projects\Personal Projects\21. Slotflow\Slotflow-Main-Backend\src\presentation\user\userProvider.controller.ts:40:28)[39m
[2026-01-05 19:39:03] [[31merror[39m]: [31mfetchServiceProviders failed[39m
[31mCannot read properties of undefined (reading '_id')[39m
[31mTypeError: Cannot read properties of undefined (reading '_id')[39m
[31m    at <anonymous> (D:\Projects\BrocamP\Projects\Personal Projects\21. Slotflow\Slotflow-Main-Backend\src\infrastructure\queries\providerServiceQueries.impl.ts:125:33)[39m
[31m    at Array.map (<anonymous>)[39m
[31m    at ProviderServiceQueriesImpl.findProvidersUsingServiceIds (D:\Projects\BrocamP\Projects\Personal Projects\21. Slotflow\Slotflow-Main-Backend\src\infrastructure\queries\providerServiceQueries.impl.ts:122:26)[39m
[31m    at process.processTicksAndRejections (node:internal/process/task_queues:105:5)[39m
[31m    at async UserFetchServiceProvidersUseCase.execute (D:\Projects\BrocamP\Projects\Personal Projects\21. Slotflow\Slotflow-Main-Backend\src\application\useCases\user\userProvider.useCase.ts:27:25)[39m
[31m    at async UserProviderController.fetchServiceProviders (D:\Projects\BrocamP\Projects\Personal Projects\21. Slotflow\Slotflow-Main-Backend\src\presentation\user\userProvider.controller.ts:40:28)[39m
[2026-01-05 19:40:48] [[31merror[39m]: [31mUserFetchServiceProvidersUseCase failed[39m
[31mCannot read properties of undefined (reading 'toString')[39m
[31mTypeError: Cannot read properties of undefined (reading 'toString')[39m
[31m    at <anonymous> (D:\Projects\BrocamP\Projects\Personal Projects\21. Slotflow\Slotflow-Main-Backend\src\infrastructure\queries\providerServiceQueries.impl.ts:125:37)[39m
[31m    at Array.map (<anonymous>)[39m
[31m    at ProviderServiceQueriesImpl.findProvidersUsingServiceIds (D:\Projects\BrocamP\Projects\Personal Projects\21. Slotflow\Slotflow-Main-Backend\src\infrastructure\queries\providerServiceQueries.impl.ts:122:26)[39m
[31m    at process.processTicksAndRejections (node:internal/process/task_queues:105:5)[39m
[31m    at async UserFetchServiceProvidersUseCase.execute (D:\Projects\BrocamP\Projects\Personal Projects\21. Slotflow\Slotflow-Main-Backend\src\application\useCases\user\userProvider.useCase.ts:27:25)[39m
[31m    at async UserProviderController.fetchServiceProviders (D:\Projects\BrocamP\Projects\Personal Projects\21. Slotflow\Slotflow-Main-Backend\src\presentation\user\userProvider.controller.ts:40:28)[39m
[2026-01-05 19:40:48] [[31merror[39m]: [31mfetchServiceProviders failed[39m
[31mCannot read properties of undefined (reading 'toString')[39m
[31mTypeError: Cannot read properties of undefined (reading 'toString')[39m
[31m    at <anonymous> (D:\Projects\BrocamP\Projects\Personal Projects\21. Slotflow\Slotflow-Main-Backend\src\infrastructure\queries\providerServiceQueries.impl.ts:125:37)[39m
[31m    at Array.map (<anonymous>)[39m
[31m    at ProviderServiceQueriesImpl.findProvidersUsingServiceIds (D:\Projects\BrocamP\Projects\Personal Projects\21. Slotflow\Slotflow-Main-Backend\src\infrastructure\queries\providerServiceQueries.impl.ts:122:26)[39m
[31m    at process.processTicksAndRejections (node:internal/process/task_queues:105:5)[39m
[31m    at async UserFetchServiceProvidersUseCase.execute (D:\Projects\BrocamP\Projects\Personal Projects\21. Slotflow\Slotflow-Main-Backend\src\application\useCases\user\userProvider.useCase.ts:27:25)[39m
[31m    at async UserProviderController.fetchServiceProviders (D:\Projects\BrocamP\Projects\Personal Projects\21. Slotflow\Slotflow-Main-Backend\src\presentation\user\userProvider.controller.ts:40:28)[39m
[2026-01-05 20:03:21] [[31merror[39m]: [31mProviderTrialSubscriptionUseCase failed[39m
[31minput must be a 24 character hex string, 12 byte Uint8Array, or an integer[39m
[31mBSONError: input must be a 24 character hex string, 12 byte Uint8Array, or an integer[39m
[31m    at new ObjectId (D:\Projects\BrocamP\Projects\Personal Projects\21. Slotflow\Slotflow-Main-Backend\node_modules\bson\src\objectid.ts:120:15)[39m
[31m    at Function.toPersistence (D:\Projects\BrocamP\Projects\Personal Projects\21. Slotflow\Slotflow-Main-Backend\src\infrastructure\mappers\subscription.mapper.ts:26:24)[39m
[31m    at SubscriptionRepositoryImpl.create (D:\Projects\BrocamP\Projects\Personal Projects\21. Slotflow\Slotflow-Main-Backend\src\infrastructure\database\subscription\subscription.repository.impl.ts:9:48)[39m
[31m    at ProviderTrialSubscriptionUseCase.execute (D:\Projects\BrocamP\Projects\Personal Projects\21. Slotflow\Slotflow-Main-Backend\src\application\useCases\provier\providerTrailSubscription.useCase.ts:48:68)[39m
[31m    at process.processTicksAndRejections (node:internal/process/task_queues:105:5)[39m
[31m    at async ProviderSubscriptionController.subscribeToTrialPlan (D:\Projects\BrocamP\Projects\Personal Projects\21. Slotflow\Slotflow-Main-Backend\src\presentation\provider\providerSubscription.controller.ts:72:28)[39m
[2026-01-05 20:03:21] [[31merror[39m]: [31msubscribeToTrialPlan failed[39m
[31minput must be a 24 character hex string, 12 byte Uint8Array, or an integer[39m
[31mBSONError: input must be a 24 character hex string, 12 byte Uint8Array, or an integer[39m
[31m    at new ObjectId (D:\Projects\BrocamP\Projects\Personal Projects\21. Slotflow\Slotflow-Main-Backend\node_modules\bson\src\objectid.ts:120:15)[39m
[31m    at Function.toPersistence (D:\Projects\BrocamP\Projects\Personal Projects\21. Slotflow\Slotflow-Main-Backend\src\infrastructure\mappers\subscription.mapper.ts:26:24)[39m
[31m    at SubscriptionRepositoryImpl.create (D:\Projects\BrocamP\Projects\Personal Projects\21. Slotflow\Slotflow-Main-Backend\src\infrastructure\database\subscription\subscription.repository.impl.ts:9:48)[39m
[31m    at ProviderTrialSubscriptionUseCase.execute (D:\Projects\BrocamP\Projects\Personal Projects\21. Slotflow\Slotflow-Main-Backend\src\application\useCases\provier\providerTrailSubscription.useCase.ts:48:68)[39m
[31m    at process.processTicksAndRejections (node:internal/process/task_queues:105:5)[39m
[31m    at async ProviderSubscriptionController.subscribeToTrialPlan (D:\Projects\BrocamP\Projects\Personal Projects\21. Slotflow\Slotflow-Main-Backend\src\presentation\provider\providerSubscription.controller.ts:72:28)[39m
[2026-01-05 22:03:14] [[31merror[39m]: [31mProviderTrialSubscriptionUseCase failed[39m
[31minput must be a 24 character hex string, 12 byte Uint8Array, or an integer[39m
[31mBSONError: input must be a 24 character hex string, 12 byte Uint8Array, or an integer[39m
[31m    at new ObjectId (D:\Projects\BrocamP\Projects\Personal Projects\21. Slotflow\Slotflow-Main-Backend\node_modules\bson\src\objectid.ts:120:15)[39m
[31m    at Function.toPersistence (D:\Projects\BrocamP\Projects\Personal Projects\21. Slotflow\Slotflow-Main-Backend\src\infrastructure\mappers\subscription.mapper.ts:26:24)[39m
[31m    at SubscriptionRepositoryImpl.create (D:\Projects\BrocamP\Projects\Personal Projects\21. Slotflow\Slotflow-Main-Backend\src\infrastructure\database\subscription\subscription.repository.impl.ts:9:48)[39m
[31m    at ProviderTrialSubscriptionUseCase.execute (D:\Projects\BrocamP\Projects\Personal Projects\21. Slotflow\Slotflow-Main-Backend\src\application\useCases\provier\providerTrailSubscription.useCase.ts:53:68)[39m
[31m    at process.processTicksAndRejections (node:internal/process/task_queues:105:5)[39m
[31m    at async ProviderSubscriptionController.subscribeToTrialPlan (D:\Projects\BrocamP\Projects\Personal Projects\21. Slotflow\Slotflow-Main-Backend\src\presentation\provider\providerSubscription.controller.ts:72:28)[39m
[2026-01-05 22:03:14] [[31merror[39m]: [31msubscribeToTrialPlan failed[39m
[31minput must be a 24 character hex string, 12 byte Uint8Array, or an integer[39m
[31mBSONError: input must be a 24 character hex string, 12 byte Uint8Array, or an integer[39m
[31m    at new ObjectId (D:\Projects\BrocamP\Projects\Personal Projects\21. Slotflow\Slotflow-Main-Backend\node_modules\bson\src\objectid.ts:120:15)[39m
[31m    at Function.toPersistence (D:\Projects\BrocamP\Projects\Personal Projects\21. Slotflow\Slotflow-Main-Backend\src\infrastructure\mappers\subscription.mapper.ts:26:24)[39m
[31m    at SubscriptionRepositoryImpl.create (D:\Projects\BrocamP\Projects\Personal Projects\21. Slotflow\Slotflow-Main-Backend\src\infrastructure\database\subscription\subscription.repository.impl.ts:9:48)[39m
[31m    at ProviderTrialSubscriptionUseCase.execute (D:\Projects\BrocamP\Projects\Personal Projects\21. Slotflow\Slotflow-Main-Backend\src\application\useCases\provier\providerTrailSubscription.useCase.ts:53:68)[39m
[31m    at process.processTicksAndRejections (node:internal/process/task_queues:105:5)[39m
[31m    at async ProviderSubscriptionController.subscribeToTrialPlan (D:\Projects\BrocamP\Projects\Personal Projects\21. Slotflow\Slotflow-Main-Backend\src\presentation\provider\providerSubscription.controller.ts:72:28)[39m
[2026-01-05 22:05:20] [[31merror[39m]: [31mProviderTrialSubscriptionUseCase failed[39m
[31minput must be a 24 character hex string, 12 byte Uint8Array, or an integer[39m
[31mBSONError: input must be a 24 character hex string, 12 byte Uint8Array, or an integer[39m
[31m    at new ObjectId (D:\Projects\BrocamP\Projects\Personal Projects\21. Slotflow\Slotflow-Main-Backend\node_modules\bson\src\objectid.ts:120:15)[39m
[31m    at Function.toPersistence (D:\Projects\BrocamP\Projects\Personal Projects\21. Slotflow\Slotflow-Main-Backend\src\infrastructure\mappers\subscription.mapper.ts:26:24)[39m
[31m    at SubscriptionRepositoryImpl.create (D:\Projects\BrocamP\Projects\Personal Projects\21. Slotflow\Slotflow-Main-Backend\src\infrastructure\database\subscription\subscription.repository.impl.ts:9:48)[39m
[31m    at ProviderTrialSubscriptionUseCase.execute (D:\Projects\BrocamP\Projects\Personal Projects\21. Slotflow\Slotflow-Main-Backend\src\application\useCases\provier\providerTrailSubscription.useCase.ts:58:68)[39m
[31m    at process.processTicksAndRejections (node:internal/process/task_queues:105:5)[39m
[31m    at async ProviderSubscriptionController.subscribeToTrialPlan (D:\Projects\BrocamP\Projects\Personal Projects\21. Slotflow\Slotflow-Main-Backend\src\presentation\provider\providerSubscription.controller.ts:72:28)[39m
[2026-01-05 22:05:20] [[31merror[39m]: [31msubscribeToTrialPlan failed[39m
[31minput must be a 24 character hex string, 12 byte Uint8Array, or an integer[39m
[31mBSONError: input must be a 24 character hex string, 12 byte Uint8Array, or an integer[39m
[31m    at new ObjectId (D:\Projects\BrocamP\Projects\Personal Projects\21. Slotflow\Slotflow-Main-Backend\node_modules\bson\src\objectid.ts:120:15)[39m
[31m    at Function.toPersistence (D:\Projects\BrocamP\Projects\Personal Projects\21. Slotflow\Slotflow-Main-Backend\src\infrastructure\mappers\subscription.mapper.ts:26:24)[39m
[31m    at SubscriptionRepositoryImpl.create (D:\Projects\BrocamP\Projects\Personal Projects\21. Slotflow\Slotflow-Main-Backend\src\infrastructure\database\subscription\subscription.repository.impl.ts:9:48)[39m
[31m    at ProviderTrialSubscriptionUseCase.execute (D:\Projects\BrocamP\Projects\Personal Projects\21. Slotflow\Slotflow-Main-Backend\src\application\useCases\provier\providerTrailSubscription.useCase.ts:58:68)[39m
[31m    at process.processTicksAndRejections (node:internal/process/task_queues:105:5)[39m
[31m    at async ProviderSubscriptionController.subscribeToTrialPlan (D:\Projects\BrocamP\Projects\Personal Projects\21. Slotflow\Slotflow-Main-Backend\src\presentation\provider\providerSubscription.controller.ts:72:28)[39m
[2026-01-05 22:06:24] [[31merror[39m]: [31mProviderTrialSubscriptionUseCase failed[39m
[31minput must be a 24 character hex string, 12 byte Uint8Array, or an integer[39m
[31mBSONError: input must be a 24 character hex string, 12 byte Uint8Array, or an integer[39m
[31m    at new ObjectId (D:\Projects\BrocamP\Projects\Personal Projects\21. Slotflow\Slotflow-Main-Backend\node_modules\bson\src\objectid.ts:120:15)[39m
[31m    at Function.toPersistence (D:\Projects\BrocamP\Projects\Personal Projects\21. Slotflow\Slotflow-Main-Backend\src\infrastructure\mappers\subscription.mapper.ts:26:24)[39m
[31m    at SubscriptionRepositoryImpl.create (D:\Projects\BrocamP\Projects\Personal Projects\21. Slotflow\Slotflow-Main-Backend\src\infrastructure\database\subscription\subscription.repository.impl.ts:9:48)[39m
[31m    at ProviderTrialSubscriptionUseCase.execute (D:\Projects\BrocamP\Projects\Personal Projects\21. Slotflow\Slotflow-Main-Backend\src\application\useCases\provier\providerTrailSubscription.useCase.ts:58:68)[39m
[31m    at process.processTicksAndRejections (node:internal/process/task_queues:105:5)[39m
[31m    at async ProviderSubscriptionController.subscribeToTrialPlan (D:\Projects\BrocamP\Projects\Personal Projects\21. Slotflow\Slotflow-Main-Backend\src\presentation\provider\providerSubscription.controller.ts:72:28)[39m
[2026-01-05 22:06:24] [[31merror[39m]: [31msubscribeToTrialPlan failed[39m
[31minput must be a 24 character hex string, 12 byte Uint8Array, or an integer[39m
[31mBSONError: input must be a 24 character hex string, 12 byte Uint8Array, or an integer[39m
[31m    at new ObjectId (D:\Projects\BrocamP\Projects\Personal Projects\21. Slotflow\Slotflow-Main-Backend\node_modules\bson\src\objectid.ts:120:15)[39m
[31m    at Function.toPersistence (D:\Projects\BrocamP\Projects\Personal Projects\21. Slotflow\Slotflow-Main-Backend\src\infrastructure\mappers\subscription.mapper.ts:26:24)[39m
[31m    at SubscriptionRepositoryImpl.create (D:\Projects\BrocamP\Projects\Personal Projects\21. Slotflow\Slotflow-Main-Backend\src\infrastructure\database\subscription\subscription.repository.impl.ts:9:48)[39m
[31m    at ProviderTrialSubscriptionUseCase.execute (D:\Projects\BrocamP\Projects\Personal Projects\21. Slotflow\Slotflow-Main-Backend\src\application\useCases\provier\providerTrailSubscription.useCase.ts:58:68)[39m
[31m    at process.processTicksAndRejections (node:internal/process/task_queues:105:5)[39m
[31m    at async ProviderSubscriptionController.subscribeToTrialPlan (D:\Projects\BrocamP\Projects\Personal Projects\21. Slotflow\Slotflow-Main-Backend\src\presentation\provider\providerSubscription.controller.ts:72:28)[39m
[2026-01-05 22:08:24] [[31merror[39m]: [31mProviderTrialSubscriptionUseCase failed[39m
[31minput must be a 24 character hex string, 12 byte Uint8Array, or an integer[39m
[31mBSONError: input must be a 24 character hex string, 12 byte Uint8Array, or an integer[39m
[31m    at new ObjectId (D:\Projects\BrocamP\Projects\Personal Projects\21. Slotflow\Slotflow-Main-Backend\node_modules\bson\src\objectid.ts:120:15)[39m
[31m    at Function.toPersistence (D:\Projects\BrocamP\Projects\Personal Projects\21. Slotflow\Slotflow-Main-Backend\src\infrastructure\mappers\subscription.mapper.ts:26:24)[39m
[31m    at SubscriptionRepositoryImpl.create (D:\Projects\BrocamP\Projects\Personal Projects\21. Slotflow\Slotflow-Main-Backend\src\infrastructure\database\subscription\subscription.repository.impl.ts:9:48)[39m
[31m    at ProviderTrialSubscriptionUseCase.execute (D:\Projects\BrocamP\Projects\Personal Projects\21. Slotflow\Slotflow-Main-Backend\src\application\useCases\provier\providerTrailSubscription.useCase.ts:59:68)[39m
[31m    at process.processTicksAndRejections (node:internal/process/task_queues:105:5)[39m
[31m    at async ProviderSubscriptionController.subscribeToTrialPlan (D:\Projects\BrocamP\Projects\Personal Projects\21. Slotflow\Slotflow-Main-Backend\src\presentation\provider\providerSubscription.controller.ts:72:28)[39m
[2026-01-05 22:08:24] [[31merror[39m]: [31msubscribeToTrialPlan failed[39m
[31minput must be a 24 character hex string, 12 byte Uint8Array, or an integer[39m
[31mBSONError: input must be a 24 character hex string, 12 byte Uint8Array, or an integer[39m
[31m    at new ObjectId (D:\Projects\BrocamP\Projects\Personal Projects\21. Slotflow\Slotflow-Main-Backend\node_modules\bson\src\objectid.ts:120:15)[39m
[31m    at Function.toPersistence (D:\Projects\BrocamP\Projects\Personal Projects\21. Slotflow\Slotflow-Main-Backend\src\infrastructure\mappers\subscription.mapper.ts:26:24)[39m
[31m    at SubscriptionRepositoryImpl.create (D:\Projects\BrocamP\Projects\Personal Projects\21. Slotflow\Slotflow-Main-Backend\src\infrastructure\database\subscription\subscription.repository.impl.ts:9:48)[39m
[31m    at ProviderTrialSubscriptionUseCase.execute (D:\Projects\BrocamP\Projects\Personal Projects\21. Slotflow\Slotflow-Main-Backend\src\application\useCases\provier\providerTrailSubscription.useCase.ts:59:68)[39m
[31m    at process.processTicksAndRejections (node:internal/process/task_queues:105:5)[39m
[31m    at async ProviderSubscriptionController.subscribeToTrialPlan (D:\Projects\BrocamP\Projects\Personal Projects\21. Slotflow\Slotflow-Main-Backend\src\presentation\provider\providerSubscription.controller.ts:72:28)[39m
[2026-01-05 22:11:35] [[31merror[39m]: [31mProviderTrialSubscriptionUseCase failed[39m
[31minput must be a 24 character hex string, 12 byte Uint8Array, or an integer[39m
[31mBSONError: input must be a 24 character hex string, 12 byte Uint8Array, or an integer[39m
[31m    at new ObjectId (D:\Projects\BrocamP\Projects\Personal Projects\21. Slotflow\Slotflow-Main-Backend\node_modules\bson\src\objectid.ts:120:15)[39m
[31m    at Function.toPersistence (D:\Projects\BrocamP\Projects\Personal Projects\21. Slotflow\Slotflow-Main-Backend\src\infrastructure\mappers\subscription.mapper.ts:26:24)[39m
[31m    at SubscriptionRepositoryImpl.create (D:\Projects\BrocamP\Projects\Personal Projects\21. Slotflow\Slotflow-Main-Backend\src\infrastructure\database\subscription\subscription.repository.impl.ts:9:48)[39m
[31m    at ProviderTrialSubscriptionUseCase.execute (D:\Projects\BrocamP\Projects\Personal Projects\21. Slotflow\Slotflow-Main-Backend\src\application\useCases\provier\providerTrailSubscription.useCase.ts:59:68)[39m
[31m    at process.processTicksAndRejections (node:internal/process/task_queues:105:5)[39m
[31m    at async ProviderSubscriptionController.subscribeToTrialPlan (D:\Projects\BrocamP\Projects\Personal Projects\21. Slotflow\Slotflow-Main-Backend\src\presentation\provider\providerSubscription.controller.ts:72:28)[39m
[2026-01-05 22:11:35] [[31merror[39m]: [31msubscribeToTrialPlan failed[39m
[31minput must be a 24 character hex string, 12 byte Uint8Array, or an integer[39m
[31mBSONError: input must be a 24 character hex string, 12 byte Uint8Array, or an integer[39m
[31m    at new ObjectId (D:\Projects\BrocamP\Projects\Personal Projects\21. Slotflow\Slotflow-Main-Backend\node_modules\bson\src\objectid.ts:120:15)[39m
[31m    at Function.toPersistence (D:\Projects\BrocamP\Projects\Personal Projects\21. Slotflow\Slotflow-Main-Backend\src\infrastructure\mappers\subscription.mapper.ts:26:24)[39m
[31m    at SubscriptionRepositoryImpl.create (D:\Projects\BrocamP\Projects\Personal Projects\21. Slotflow\Slotflow-Main-Backend\src\infrastructure\database\subscription\subscription.repository.impl.ts:9:48)[39m
[31m    at ProviderTrialSubscriptionUseCase.execute (D:\Projects\BrocamP\Projects\Personal Projects\21. Slotflow\Slotflow-Main-Backend\src\application\useCases\provier\providerTrailSubscription.useCase.ts:59:68)[39m
[31m    at process.processTicksAndRejections (node:internal/process/task_queues:105:5)[39m
[31m    at async ProviderSubscriptionController.subscribeToTrialPlan (D:\Projects\BrocamP\Projects\Personal Projects\21. Slotflow\Slotflow-Main-Backend\src\presentation\provider\providerSubscription.controller.ts:72:28)[39m
[2026-01-06 00:03:38] [[31merror[39m]: [31mGoogleAuthOrchestratorUseCase failed : [39m
[31mCannot read properties of undefined (reading 'send')[39m
[31mTypeError: Cannot read properties of undefined (reading 'send')[39m
[31m    at GoogleAuthOrchestratorUseCase.execute (D:\Projects\BrocamP\Projects\Personal Projects\21. Slotflow\Slotflow-Main-Backend\src\application\useCases\auth\googleAuthOrchestrate.useCase.ts:166:37)[39m
[31m    at process.processTicksAndRejections (node:internal/process/task_queues:105:5)[39m
[31m    at async <anonymous> (D:\Projects\BrocamP\Projects\Personal Projects\21. Slotflow\Slotflow-Main-Backend\src\presentation\auth\googleAuth.controller.ts:73:54)[39m
[2026-01-06 00:28:39] [[31merror[39m]: [31mcreateSessionIdForbookingViaStripe failed[39m
[31m[[39m
[31m  {[39m
[31m    "received": "Online",[39m
[31m    "code": "invalid_enum_value",[39m
[31m    "options": [[39m
[31m      "online",[39m
[31m      "offline"[39m
[31m    ],[39m
[31m    "path": [[39m
[31m      "selectedServiceMode"[39m
[31m    ],[39m
[31m    "message": "Invalid enum value. Expected 'online' | 'offline', received 'Online'"[39m
[31m  }[39m
[31m][39m
[31mZodError: [[39m
[31m  {[39m
[31m    "received": "Online",[39m
[31m    "code": "invalid_enum_value",[39m
[31m    "options": [[39m
[31m      "online",[39m
[31m      "offline"[39m
[31m    ],[39m
[31m    "path": [[39m
[31m      "selectedServiceMode"[39m
[31m    ],[39m
[31m    "message": "Invalid enum value. Expected 'online' | 'offline', received 'Online'"[39m
[31m  }[39m
[31m][39m
[31m    at get error (file:///D:/Projects/BrocamP/Projects/Personal%20Projects/21.%20Slotflow/Slotflow-Main-Backend/node_modules/zod/lib/index.mjs:587:31)[39m
[31m    at ZodObject.parse (file:///D:/Projects/BrocamP/Projects/Personal%20Projects/21.%20Slotflow/Slotflow-Main-Backend/node_modules/zod/lib/index.mjs:663:22)[39m
[31m    at UserBookingController.createSessionIdForbookingViaStripe (D:\Projects\BrocamP\Projects\Personal Projects\21. Slotflow\Slotflow-Main-Backend\src\presentation\user\userBooking.controller.ts:74:82)[39m
[31m    at Layer.handle [as handle_request] (D:\Projects\BrocamP\Projects\Personal Projects\21. Slotflow\Slotflow-Main-Backend\node_modules\express\lib\router\layer.js:95:5)[39m
[31m    at next (D:\Projects\BrocamP\Projects\Personal Projects\21. Slotflow\Slotflow-Main-Backend\node_modules\express\lib\router\route.js:149:13)[39m
[31m    at authMiddleware (D:\Projects\BrocamP\Projects\Personal Projects\21. Slotflow\Slotflow-Main-Backend\src\presentation\middleware\auth.middleware.ts:56:5)[39m
[31m    at process.processTicksAndRejections (node:internal/process/task_queues:105:5)[39m
[2026-01-06 00:33:35] [[31merror[39m]: [31mUserAppointmentBookingViaStripeUseCase failed[39m
[31mNo availability found[39m
[31mError: No availability found[39m
[31m    at UserAppointmentBookingViaStripeUseCase.execute (D:\Projects\BrocamP\Projects\Personal Projects\21. Slotflow\Slotflow-Main-Backend\src\application\useCases\user\userStripeBooking.useCase.ts:50:53)[39m
[31m    at process.processTicksAndRejections (node:internal/process/task_queues:105:5)[39m
[31m    at async UserBookingController.createSessionIdForbookingViaStripe (D:\Projects\BrocamP\Projects\Personal Projects\21. Slotflow\Slotflow-Main-Backend\src\presentation\user\userBooking.controller.ts:77:28)[39m
[2026-01-06 00:33:35] [[31merror[39m]: [31mcreateSessionIdForbookingViaStripe failed[39m
[31mNo availability found[39m
[31mError: No availability found[39m
[31m    at UserAppointmentBookingViaStripeUseCase.execute (D:\Projects\BrocamP\Projects\Personal Projects\21. Slotflow\Slotflow-Main-Backend\src\application\useCases\user\userStripeBooking.useCase.ts:50:53)[39m
[31m    at process.processTicksAndRejections (node:internal/process/task_queues:105:5)[39m
[31m    at async UserBookingController.createSessionIdForbookingViaStripe (D:\Projects\BrocamP\Projects\Personal Projects\21. Slotflow\Slotflow-Main-Backend\src\presentation\user\userBooking.controller.ts:77:28)[39m
[2026-01-06 00:43:32] [[31merror[39m]: [31mUserAppointmentBookingViaStripeUseCase failed[39m
[31mNo availability found[39m
[31mError: No availability found[39m
[31m    at UserAppointmentBookingViaStripeUseCase.execute (D:\Projects\BrocamP\Projects\Personal Projects\21. Slotflow\Slotflow-Main-Backend\src\application\useCases\user\userStripeBooking.useCase.ts:51:53)[39m
[31m    at process.processTicksAndRejections (node:internal/process/task_queues:105:5)[39m
[31m    at async UserBookingController.createSessionIdForbookingViaStripe (D:\Projects\BrocamP\Projects\Personal Projects\21. Slotflow\Slotflow-Main-Backend\src\presentation\user\userBooking.controller.ts:77:28)[39m
[2026-01-06 00:43:32] [[31merror[39m]: [31mcreateSessionIdForbookingViaStripe failed[39m
[31mNo availability found[39m
[31mError: No availability found[39m
[31m    at UserAppointmentBookingViaStripeUseCase.execute (D:\Projects\BrocamP\Projects\Personal Projects\21. Slotflow\Slotflow-Main-Backend\src\application\useCases\user\userStripeBooking.useCase.ts:51:53)[39m
[31m    at process.processTicksAndRejections (node:internal/process/task_queues:105:5)[39m
[31m    at async UserBookingController.createSessionIdForbookingViaStripe (D:\Projects\BrocamP\Projects\Personal Projects\21. Slotflow\Slotflow-Main-Backend\src\presentation\user\userBooking.controller.ts:77:28)[39m
[2026-01-06 00:45:04] [[31merror[39m]: [31mUserAppointmentBookingViaStripeUseCase failed[39m
[31mNo availability found[39m
[31mError: No availability found[39m
[31m    at UserAppointmentBookingViaStripeUseCase.execute (D:\Projects\BrocamP\Projects\Personal Projects\21. Slotflow\Slotflow-Main-Backend\src\application\useCases\user\userStripeBooking.useCase.ts:51:53)[39m
[31m    at process.processTicksAndRejections (node:internal/process/task_queues:105:5)[39m
[31m    at async UserBookingController.createSessionIdForbookingViaStripe (D:\Projects\BrocamP\Projects\Personal Projects\21. Slotflow\Slotflow-Main-Backend\src\presentation\user\userBooking.controller.ts:77:28)[39m
[2026-01-06 00:45:04] [[31merror[39m]: [31mcreateSessionIdForbookingViaStripe failed[39m
[31mNo availability found[39m
[31mError: No availability found[39m
[31m    at UserAppointmentBookingViaStripeUseCase.execute (D:\Projects\BrocamP\Projects\Personal Projects\21. Slotflow\Slotflow-Main-Backend\src\application\useCases\user\userStripeBooking.useCase.ts:51:53)[39m
[31m    at process.processTicksAndRejections (node:internal/process/task_queues:105:5)[39m
[31m    at async UserBookingController.createSessionIdForbookingViaStripe (D:\Projects\BrocamP\Projects\Personal Projects\21. Slotflow\Slotflow-Main-Backend\src\presentation\user\userBooking.controller.ts:77:28)[39m
[2026-01-06 00:46:18] [[31merror[39m]: [31mUserAppointmentBookingViaStripeUseCase failed[39m
[31mNo availability found[39m
[31mError: No availability found[39m
[31m    at UserAppointmentBookingViaStripeUseCase.execute (D:\Projects\BrocamP\Projects\Personal Projects\21. Slotflow\Slotflow-Main-Backend\src\application\useCases\user\userStripeBooking.useCase.ts:51:53)[39m
[31m    at process.processTicksAndRejections (node:internal/process/task_queues:105:5)[39m
[31m    at async UserBookingController.createSessionIdForbookingViaStripe (D:\Projects\BrocamP\Projects\Personal Projects\21. Slotflow\Slotflow-Main-Backend\src\presentation\user\userBooking.controller.ts:77:28)[39m
[2026-01-06 00:46:18] [[31merror[39m]: [31mcreateSessionIdForbookingViaStripe failed[39m
[31mNo availability found[39m
[31mError: No availability found[39m
[31m    at UserAppointmentBookingViaStripeUseCase.execute (D:\Projects\BrocamP\Projects\Personal Projects\21. Slotflow\Slotflow-Main-Backend\src\application\useCases\user\userStripeBooking.useCase.ts:51:53)[39m
[31m    at process.processTicksAndRejections (node:internal/process/task_queues:105:5)[39m
[31m    at async UserBookingController.createSessionIdForbookingViaStripe (D:\Projects\BrocamP\Projects\Personal Projects\21. Slotflow\Slotflow-Main-Backend\src\presentation\user\userBooking.controller.ts:77:28)[39m
[2026-01-06 00:54:10] [[31merror[39m]: [31mUserSaveBookingAfterStripePaymentUseCase failed[39m
[31mCredential not found[39m
[31mError: Credential not found[39m
[31m    at UserSaveBookingAfterStripePaymentUseCase.execute (D:\Projects\BrocamP\Projects\Personal Projects\21. Slotflow\Slotflow-Main-Backend\src\application\useCases\user\userStripeBooking.useCase.ts:124:23)[39m
[31m    at process.processTicksAndRejections (node:internal/process/task_queues:105:5)[39m
[31m    at async UserBookingController.saveBookingAfterStripePayment (D:\Projects\BrocamP\Projects\Personal Projects\21. Slotflow\Slotflow-Main-Backend\src\presentation\user\userBooking.controller.ts:96:13)[39m
[2026-01-06 00:54:10] [[31merror[39m]: [31msaveBookingAfterStripePayment failed[39m
[31mCredential not found[39m
[31mError: Credential not found[39m
[31m    at UserSaveBookingAfterStripePaymentUseCase.execute (D:\Projects\BrocamP\Projects\Personal Projects\21. Slotflow\Slotflow-Main-Backend\src\application\useCases\user\userStripeBooking.useCase.ts:124:23)[39m
[31m    at process.processTicksAndRejections (node:internal/process/task_queues:105:5)[39m
[31m    at async UserBookingController.saveBookingAfterStripePayment (D:\Projects\BrocamP\Projects\Personal Projects\21. Slotflow\Slotflow-Main-Backend\src\presentation\user\userBooking.controller.ts:96:13)[39m
[2026-01-06 00:59:25] [[31merror[39m]: [31mUserSaveBookingAfterStripePaymentUseCase failed[39m
[31mNo availability found[39m
[31mError: No availability found[39m
[31m    at UserSaveBookingAfterStripePaymentUseCase.execute (D:\Projects\BrocamP\Projects\Personal Projects\21. Slotflow\Slotflow-Main-Backend\src\application\useCases\user\userStripeBooking.useCase.ts:141:53)[39m
[31m    at process.processTicksAndRejections (node:internal/process/task_queues:105:5)[39m
[31m    at async UserBookingController.saveBookingAfterStripePayment (D:\Projects\BrocamP\Projects\Personal Projects\21. Slotflow\Slotflow-Main-Backend\src\presentation\user\userBooking.controller.ts:96:13)[39m
[2026-01-06 00:59:25] [[31merror[39m]: [31msaveBookingAfterStripePayment failed[39m
[31mNo availability found[39m
[31mError: No availability found[39m
[31m    at UserSaveBookingAfterStripePaymentUseCase.execute (D:\Projects\BrocamP\Projects\Personal Projects\21. Slotflow\Slotflow-Main-Backend\src\application\useCases\user\userStripeBooking.useCase.ts:141:53)[39m
[31m    at process.processTicksAndRejections (node:internal/process/task_queues:105:5)[39m
[31m    at async UserBookingController.saveBookingAfterStripePayment (D:\Projects\BrocamP\Projects\Personal Projects\21. Slotflow\Slotflow-Main-Backend\src\presentation\user\userBooking.controller.ts:96:13)[39m
[2026-01-06 01:04:55] [[31merror[39m]: [31mUserSaveBookingAfterStripePaymentUseCase failed[39m
[31mPayment validation failed: paymentMethod: `card` is not a valid enum value for path `paymentMethod`.[39m
[31mValidationError: Payment validation failed: paymentMethod: `card` is not a valid enum value for path `paymentMethod`.[39m
[31m    at Document.invalidate (D:\Projects\BrocamP\Projects\Personal Projects\21. Slotflow\Slotflow-Main-Backend\node_modules\mongoose\lib\document.js:3329:32)[39m
[31m    at D:\Projects\BrocamP\Projects\Personal Projects\21. Slotflow\Slotflow-Main-Backend\node_modules\mongoose\lib\document.js:3090:17[39m
[31m    at D:\Projects\BrocamP\Projects\Personal Projects\21. Slotflow\Slotflow-Main-Backend\node_modules\mongoose\lib\schemaType.js:1407:9[39m
[31m    at process.processTicksAndRejections (node:internal/process/task_queues:85:11)[39m
[2026-01-06 01:04:55] [[31merror[39m]: [31mUserSaveBookingAfterStripePaymentUseCase failed[39m
[31mPayment validation failed: paymentMethod: `card` is not a valid enum value for path `paymentMethod`.[39m
[31mValidationError: Payment validation failed: paymentMethod: `card` is not a valid enum value for path `paymentMethod`.[39m
[31m    at Document.invalidate (D:\Projects\BrocamP\Projects\Personal Projects\21. Slotflow\Slotflow-Main-Backend\node_modules\mongoose\lib\document.js:3329:32)[39m
[31m    at D:\Projects\BrocamP\Projects\Personal Projects\21. Slotflow\Slotflow-Main-Backend\node_modules\mongoose\lib\document.js:3090:17[39m
[31m    at D:\Projects\BrocamP\Projects\Personal Projects\21. Slotflow\Slotflow-Main-Backend\node_modules\mongoose\lib\schemaType.js:1407:9[39m
[31m    at process.processTicksAndRejections (node:internal/process/task_queues:85:11)[39m
[2026-01-06 01:04:55] [[31merror[39m]: [31msaveBookingAfterStripePayment failed[39m
[31mPayment validation failed: paymentMethod: `card` is not a valid enum value for path `paymentMethod`.[39m
[31mValidationError: Payment validation failed: paymentMethod: `card` is not a valid enum value for path `paymentMethod`.[39m
[31m    at Document.invalidate (D:\Projects\BrocamP\Projects\Personal Projects\21. Slotflow\Slotflow-Main-Backend\node_modules\mongoose\lib\document.js:3329:32)[39m
[31m    at D:\Projects\BrocamP\Projects\Personal Projects\21. Slotflow\Slotflow-Main-Backend\node_modules\mongoose\lib\document.js:3090:17[39m
[31m    at D:\Projects\BrocamP\Projects\Personal Projects\21. Slotflow\Slotflow-Main-Backend\node_modules\mongoose\lib\schemaType.js:1407:9[39m
[31m    at process.processTicksAndRejections (node:internal/process/task_queues:85:11)[39m
[2026-01-06 17:30:46] [[31merror[39m]: [31mUserFetchServiceProvidersUseCase failed[39m
[31mthis.providerServiceQueries.findProvidersUsingServiceIds is not a function[39m
[31mTypeError: this.providerServiceQueries.findProvidersUsingServiceIds is not a function[39m
[31m    at UserFetchServiceProvidersUseCase.execute (D:\Projects\BrocamP\Projects\Personal Projects\21. Slotflow\Slotflow-Main-Backend\src\application\useCases\user\userProvider.useCase.ts:22:59)[39m
[31m    at UserProviderController.fetchServiceProviders (D:\Projects\BrocamP\Projects\Personal Projects\21. Slotflow\Slotflow-Main-Backend\src\presentation\user\userProvider.controller.ts:38:72)[39m
[31m    at Layer.handle [as handle_request] (D:\Projects\BrocamP\Projects\Personal Projects\21. Slotflow\Slotflow-Main-Backend\node_modules\express\lib\router\layer.js:95:5)[39m
[31m    at next (D:\Projects\BrocamP\Projects\Personal Projects\21. Slotflow\Slotflow-Main-Backend\node_modules\express\lib\router\route.js:149:13)[39m
[31m    at authMiddleware (D:\Projects\BrocamP\Projects\Personal Projects\21. Slotflow\Slotflow-Main-Backend\src\presentation\middleware\auth.middleware.ts:56:5)[39m
[31m    at process.processTicksAndRejections (node:internal/process/task_queues:105:5)[39m
[2026-01-06 17:30:46] [[31merror[39m]: [31mfetchServiceProviders failed[39m
[31mthis.providerServiceQueries.findProvidersUsingServiceIds is not a function[39m
[31mTypeError: this.providerServiceQueries.findProvidersUsingServiceIds is not a function[39m
[31m    at UserFetchServiceProvidersUseCase.execute (D:\Projects\BrocamP\Projects\Personal Projects\21. Slotflow\Slotflow-Main-Backend\src\application\useCases\user\userProvider.useCase.ts:22:59)[39m
[31m    at UserProviderController.fetchServiceProviders (D:\Projects\BrocamP\Projects\Personal Projects\21. Slotflow\Slotflow-Main-Backend\src\presentation\user\userProvider.controller.ts:38:72)[39m
[31m    at Layer.handle [as handle_request] (D:\Projects\BrocamP\Projects\Personal Projects\21. Slotflow\Slotflow-Main-Backend\node_modules\express\lib\router\layer.js:95:5)[39m
[31m    at next (D:\Projects\BrocamP\Projects\Personal Projects\21. Slotflow\Slotflow-Main-Backend\node_modules\express\lib\router\route.js:149:13)[39m
[31m    at authMiddleware (D:\Projects\BrocamP\Projects\Personal Projects\21. Slotflow\Slotflow-Main-Backend\src\presentation\middleware\auth.middleware.ts:56:5)[39m
[31m    at process.processTicksAndRejections (node:internal/process/task_queues:105:5)[39m
[2026-01-06 17:31:13] [[31merror[39m]: [31mUserFetchServiceProvidersUseCase failed[39m
[31mthis.providerServiceQueries.findProvidersUsingServiceIds is not a function[39m
[31mTypeError: this.providerServiceQueries.findProvidersUsingServiceIds is not a function[39m
[31m    at UserFetchServiceProvidersUseCase.execute (D:\Projects\BrocamP\Projects\Personal Projects\21. Slotflow\Slotflow-Main-Backend\src\application\useCases\user\userProvider.useCase.ts:22:59)[39m
[31m    at UserProviderController.fetchServiceProviders (D:\Projects\BrocamP\Projects\Personal Projects\21. Slotflow\Slotflow-Main-Backend\src\presentation\user\userProvider.controller.ts:38:72)[39m
[31m    at Layer.handle [as handle_request] (D:\Projects\BrocamP\Projects\Personal Projects\21. Slotflow\Slotflow-Main-Backend\node_modules\express\lib\router\layer.js:95:5)[39m
[31m    at next (D:\Projects\BrocamP\Projects\Personal Projects\21. Slotflow\Slotflow-Main-Backend\node_modules\express\lib\router\route.js:149:13)[39m
[31m    at authMiddleware (D:\Projects\BrocamP\Projects\Personal Projects\21. Slotflow\Slotflow-Main-Backend\src\presentation\middleware\auth.middleware.ts:56:5)[39m
[31m    at process.processTicksAndRejections (node:internal/process/task_queues:105:5)[39m
[2026-01-06 17:31:13] [[31merror[39m]: [31mfetchServiceProviders failed[39m
[31mthis.providerServiceQueries.findProvidersUsingServiceIds is not a function[39m
[31mTypeError: this.providerServiceQueries.findProvidersUsingServiceIds is not a function[39m
[31m    at UserFetchServiceProvidersUseCase.execute (D:\Projects\BrocamP\Projects\Personal Projects\21. Slotflow\Slotflow-Main-Backend\src\application\useCases\user\userProvider.useCase.ts:22:59)[39m
[31m    at UserProviderController.fetchServiceProviders (D:\Projects\BrocamP\Projects\Personal Projects\21. Slotflow\Slotflow-Main-Backend\src\presentation\user\userProvider.controller.ts:38:72)[39m
[31m    at Layer.handle [as handle_request] (D:\Projects\BrocamP\Projects\Personal Projects\21. Slotflow\Slotflow-Main-Backend\node_modules\express\lib\router\layer.js:95:5)[39m
[31m    at next (D:\Projects\BrocamP\Projects\Personal Projects\21. Slotflow\Slotflow-Main-Backend\node_modules\express\lib\router\route.js:149:13)[39m
[31m    at authMiddleware (D:\Projects\BrocamP\Projects\Personal Projects\21. Slotflow\Slotflow-Main-Backend\src\presentation\middleware\auth.middleware.ts:56:5)[39m
[31m    at process.processTicksAndRejections (node:internal/process/task_queues:105:5)[39m
[2026-01-06 17:32:38] [[31merror[39m]: [31mUserFetchServiceProvidersUseCase failed[39m
[31mthis.providerServiceQueries.findProvidersUsingServiceIds is not a function[39m
[31mTypeError: this.providerServiceQueries.findProvidersUsingServiceIds is not a function[39m
[31m    at UserFetchServiceProvidersUseCase.execute (D:\Projects\BrocamP\Projects\Personal Projects\21. Slotflow\Slotflow-Main-Backend\src\application\useCases\user\userProvider.useCase.ts:22:59)[39m
[31m    at UserProviderController.fetchServiceProviders (D:\Projects\BrocamP\Projects\Personal Projects\21. Slotflow\Slotflow-Main-Backend\src\presentation\user\userProvider.controller.ts:38:72)[39m
[31m    at Layer.handle [as handle_request] (D:\Projects\BrocamP\Projects\Personal Projects\21. Slotflow\Slotflow-Main-Backend\node_modules\express\lib\router\layer.js:95:5)[39m
[31m    at next (D:\Projects\BrocamP\Projects\Personal Projects\21. Slotflow\Slotflow-Main-Backend\node_modules\express\lib\router\route.js:149:13)[39m
[31m    at authMiddleware (D:\Projects\BrocamP\Projects\Personal Projects\21. Slotflow\Slotflow-Main-Backend\src\presentation\middleware\auth.middleware.ts:56:5)[39m
[31m    at process.processTicksAndRejections (node:internal/process/task_queues:105:5)[39m
[2026-01-06 17:32:38] [[31merror[39m]: [31mfetchServiceProviders failed[39m
[31mthis.providerServiceQueries.findProvidersUsingServiceIds is not a function[39m
[31mTypeError: this.providerServiceQueries.findProvidersUsingServiceIds is not a function[39m
[31m    at UserFetchServiceProvidersUseCase.execute (D:\Projects\BrocamP\Projects\Personal Projects\21. Slotflow\Slotflow-Main-Backend\src\application\useCases\user\userProvider.useCase.ts:22:59)[39m
[31m    at UserProviderController.fetchServiceProviders (D:\Projects\BrocamP\Projects\Personal Projects\21. Slotflow\Slotflow-Main-Backend\src\presentation\user\userProvider.controller.ts:38:72)[39m
[31m    at Layer.handle [as handle_request] (D:\Projects\BrocamP\Projects\Personal Projects\21. Slotflow\Slotflow-Main-Backend\node_modules\express\lib\router\layer.js:95:5)[39m
[31m    at next (D:\Projects\BrocamP\Projects\Personal Projects\21. Slotflow\Slotflow-Main-Backend\node_modules\express\lib\router\route.js:149:13)[39m
[31m    at authMiddleware (D:\Projects\BrocamP\Projects\Personal Projects\21. Slotflow\Slotflow-Main-Backend\src\presentation\middleware\auth.middleware.ts:56:5)[39m
[31m    at process.processTicksAndRejections (node:internal/process/task_queues:105:5)[39m
[2026-01-06 17:40:49] [[31merror[39m]: [31mUserFetchServiceProvidersUseCase failed[39m
[31mthis.providerServiceQueries.findProvidersUsingServiceIds is not a function[39m
[31mTypeError: this.providerServiceQueries.findProvidersUsingServiceIds is not a function[39m
[31m    at UserFetchServiceProvidersUseCase.execute (D:\Projects\BrocamP\Projects\Personal Projects\21. Slotflow\Slotflow-Main-Backend\src\application\useCases\user\userProvider.useCase.ts:22:59)[39m
[31m    at UserProviderController.fetchServiceProviders (D:\Projects\BrocamP\Projects\Personal Projects\21. Slotflow\Slotflow-Main-Backend\src\presentation\user\userProvider.controller.ts:38:72)[39m
[31m    at Layer.handle [as handle_request] (D:\Projects\BrocamP\Projects\Personal Projects\21. Slotflow\Slotflow-Main-Backend\node_modules\express\lib\router\layer.js:95:5)[39m
[31m    at next (D:\Projects\BrocamP\Projects\Personal Projects\21. Slotflow\Slotflow-Main-Backend\node_modules\express\lib\router\route.js:149:13)[39m
[31m    at authMiddleware (D:\Projects\BrocamP\Projects\Personal Projects\21. Slotflow\Slotflow-Main-Backend\src\presentation\middleware\auth.middleware.ts:56:5)[39m
[31m    at process.processTicksAndRejections (node:internal/process/task_queues:105:5)[39m
[2026-01-06 17:40:49] [[31merror[39m]: [31mfetchServiceProviders failed[39m
[31mthis.providerServiceQueries.findProvidersUsingServiceIds is not a function[39m
[31mTypeError: this.providerServiceQueries.findProvidersUsingServiceIds is not a function[39m
[31m    at UserFetchServiceProvidersUseCase.execute (D:\Projects\BrocamP\Projects\Personal Projects\21. Slotflow\Slotflow-Main-Backend\src\application\useCases\user\userProvider.useCase.ts:22:59)[39m
[31m    at UserProviderController.fetchServiceProviders (D:\Projects\BrocamP\Projects\Personal Projects\21. Slotflow\Slotflow-Main-Backend\src\presentation\user\userProvider.controller.ts:38:72)[39m
[31m    at Layer.handle [as handle_request] (D:\Projects\BrocamP\Projects\Personal Projects\21. Slotflow\Slotflow-Main-Backend\node_modules\express\lib\router\layer.js:95:5)[39m
[31m    at next (D:\Projects\BrocamP\Projects\Personal Projects\21. Slotflow\Slotflow-Main-Backend\node_modules\express\lib\router\route.js:149:13)[39m
[31m    at authMiddleware (D:\Projects\BrocamP\Projects\Personal Projects\21. Slotflow\Slotflow-Main-Backend\src\presentation\middleware\auth.middleware.ts:56:5)[39m
[31m    at process.processTicksAndRejections (node:internal/process/task_queues:105:5)[39m
[2026-01-06 17:42:40] [[31merror[39m]: [31mUserFetchServiceProvidersUseCase failed[39m
[31mthis.providerServiceQueries.findProvidersUsingServiceIds is not a function[39m
[31mTypeError: this.providerServiceQueries.findProvidersUsingServiceIds is not a function[39m
[31m    at UserFetchServiceProvidersUseCase.execute (D:\Projects\BrocamP\Projects\Personal Projects\21. Slotflow\Slotflow-Main-Backend\src\application\useCases\user\userProvider.useCase.ts:22:59)[39m
[31m    at UserProviderController.fetchServiceProviders (D:\Projects\BrocamP\Projects\Personal Projects\21. Slotflow\Slotflow-Main-Backend\src\presentation\user\userProvider.controller.ts:39:72)[39m
[31m    at Layer.handle [as handle_request] (D:\Projects\BrocamP\Projects\Personal Projects\21. Slotflow\Slotflow-Main-Backend\node_modules\express\lib\router\layer.js:95:5)[39m
[31m    at next (D:\Projects\BrocamP\Projects\Personal Projects\21. Slotflow\Slotflow-Main-Backend\node_modules\express\lib\router\route.js:149:13)[39m
[31m    at authMiddleware (D:\Projects\BrocamP\Projects\Personal Projects\21. Slotflow\Slotflow-Main-Backend\src\presentation\middleware\auth.middleware.ts:56:5)[39m
[31m    at process.processTicksAndRejections (node:internal/process/task_queues:105:5)[39m
[2026-01-06 17:42:40] [[31merror[39m]: [31mfetchServiceProviders failed[39m
[31mthis.providerServiceQueries.findProvidersUsingServiceIds is not a function[39m
[31mTypeError: this.providerServiceQueries.findProvidersUsingServiceIds is not a function[39m
[31m    at UserFetchServiceProvidersUseCase.execute (D:\Projects\BrocamP\Projects\Personal Projects\21. Slotflow\Slotflow-Main-Backend\src\application\useCases\user\userProvider.useCase.ts:22:59)[39m
[31m    at UserProviderController.fetchServiceProviders (D:\Projects\BrocamP\Projects\Personal Projects\21. Slotflow\Slotflow-Main-Backend\src\presentation\user\userProvider.controller.ts:39:72)[39m
[31m    at Layer.handle [as handle_request] (D:\Projects\BrocamP\Projects\Personal Projects\21. Slotflow\Slotflow-Main-Backend\node_modules\express\lib\router\layer.js:95:5)[39m
[31m    at next (D:\Projects\BrocamP\Projects\Personal Projects\21. Slotflow\Slotflow-Main-Backend\node_modules\express\lib\router\route.js:149:13)[39m
[31m    at authMiddleware (D:\Projects\BrocamP\Projects\Personal Projects\21. Slotflow\Slotflow-Main-Backend\src\presentation\middleware\auth.middleware.ts:56:5)[39m
[31m    at process.processTicksAndRejections (node:internal/process/task_queues:105:5)[39m
[2026-01-06 17:42:42] [[31merror[39m]: [31mUserFetchServiceProvidersUseCase failed[39m
[31mthis.providerServiceQueries.findProvidersUsingServiceIds is not a function[39m
[31mTypeError: this.providerServiceQueries.findProvidersUsingServiceIds is not a function[39m
[31m    at UserFetchServiceProvidersUseCase.execute (D:\Projects\BrocamP\Projects\Personal Projects\21. Slotflow\Slotflow-Main-Backend\src\application\useCases\user\userProvider.useCase.ts:22:59)[39m
[31m    at UserProviderController.fetchServiceProviders (D:\Projects\BrocamP\Projects\Personal Projects\21. Slotflow\Slotflow-Main-Backend\src\presentation\user\userProvider.controller.ts:39:72)[39m
[31m    at Layer.handle [as handle_request] (D:\Projects\BrocamP\Projects\Personal Projects\21. Slotflow\Slotflow-Main-Backend\node_modules\express\lib\router\layer.js:95:5)[39m
[31m    at next (D:\Projects\BrocamP\Projects\Personal Projects\21. Slotflow\Slotflow-Main-Backend\node_modules\express\lib\router\route.js:149:13)[39m
[31m    at authMiddleware (D:\Projects\BrocamP\Projects\Personal Projects\21. Slotflow\Slotflow-Main-Backend\src\presentation\middleware\auth.middleware.ts:56:5)[39m
[31m    at process.processTicksAndRejections (node:internal/process/task_queues:105:5)[39m
[2026-01-06 17:42:42] [[31merror[39m]: [31mfetchServiceProviders failed[39m
[31mthis.providerServiceQueries.findProvidersUsingServiceIds is not a function[39m
[31mTypeError: this.providerServiceQueries.findProvidersUsingServiceIds is not a function[39m
[31m    at UserFetchServiceProvidersUseCase.execute (D:\Projects\BrocamP\Projects\Personal Projects\21. Slotflow\Slotflow-Main-Backend\src\application\useCases\user\userProvider.useCase.ts:22:59)[39m
[31m    at UserProviderController.fetchServiceProviders (D:\Projects\BrocamP\Projects\Personal Projects\21. Slotflow\Slotflow-Main-Backend\src\presentation\user\userProvider.controller.ts:39:72)[39m
[31m    at Layer.handle [as handle_request] (D:\Projects\BrocamP\Projects\Personal Projects\21. Slotflow\Slotflow-Main-Backend\node_modules\express\lib\router\layer.js:95:5)[39m
[31m    at next (D:\Projects\BrocamP\Projects\Personal Projects\21. Slotflow\Slotflow-Main-Backend\node_modules\express\lib\router\route.js:149:13)[39m
[31m    at authMiddleware (D:\Projects\BrocamP\Projects\Personal Projects\21. Slotflow\Slotflow-Main-Backend\src\presentation\middleware\auth.middleware.ts:56:5)[39m
[31m    at process.processTicksAndRejections (node:internal/process/task_queues:105:5)[39m
[2026-01-06 17:46:36] [[31merror[39m]: [31mUserFetchServiceProvidersUseCase failed[39m
[31mthis.providerServiceQueries.findProvidersUsingServiceIds is not a function[39m
[31mTypeError: this.providerServiceQueries.findProvidersUsingServiceIds is not a function[39m
[31m    at UserFetchServiceProvidersUseCase.execute (D:\Projects\BrocamP\Projects\Personal Projects\21. Slotflow\Slotflow-Main-Backend\src\application\useCases\user\userProvider.useCase.ts:22:59)[39m
[31m    at UserProviderController.fetchServiceProviders (D:\Projects\BrocamP\Projects\Personal Projects\21. Slotflow\Slotflow-Main-Backend\src\presentation\user\userProvider.controller.ts:40:72)[39m
[31m    at Layer.handle [as handle_request] (D:\Projects\BrocamP\Projects\Personal Projects\21. Slotflow\Slotflow-Main-Backend\node_modules\express\lib\router\layer.js:95:5)[39m
[31m    at next (D:\Projects\BrocamP\Projects\Personal Projects\21. Slotflow\Slotflow-Main-Backend\node_modules\express\lib\router\route.js:149:13)[39m
[31m    at authMiddleware (D:\Projects\BrocamP\Projects\Personal Projects\21. Slotflow\Slotflow-Main-Backend\src\presentation\middleware\auth.middleware.ts:56:5)[39m
[31m    at process.processTicksAndRejections (node:internal/process/task_queues:105:5)[39m
[2026-01-06 17:46:36] [[31merror[39m]: [31mfetchServiceProviders failed[39m
[31mthis.providerServiceQueries.findProvidersUsingServiceIds is not a function[39m
[31mTypeError: this.providerServiceQueries.findProvidersUsingServiceIds is not a function[39m
[31m    at UserFetchServiceProvidersUseCase.execute (D:\Projects\BrocamP\Projects\Personal Projects\21. Slotflow\Slotflow-Main-Backend\src\application\useCases\user\userProvider.useCase.ts:22:59)[39m
[31m    at UserProviderController.fetchServiceProviders (D:\Projects\BrocamP\Projects\Personal Projects\21. Slotflow\Slotflow-Main-Backend\src\presentation\user\userProvider.controller.ts:40:72)[39m
[31m    at Layer.handle [as handle_request] (D:\Projects\BrocamP\Projects\Personal Projects\21. Slotflow\Slotflow-Main-Backend\node_modules\express\lib\router\layer.js:95:5)[39m
[31m    at next (D:\Projects\BrocamP\Projects\Personal Projects\21. Slotflow\Slotflow-Main-Backend\node_modules\express\lib\router\route.js:149:13)[39m
[31m    at authMiddleware (D:\Projects\BrocamP\Projects\Personal Projects\21. Slotflow\Slotflow-Main-Backend\src\presentation\middleware\auth.middleware.ts:56:5)[39m
[31m    at process.processTicksAndRejections (node:internal/process/task_queues:105:5)[39m
[2026-01-06 17:46:37] [[31merror[39m]: [31mUserFetchServiceProvidersUseCase failed[39m
[31mthis.providerServiceQueries.findProvidersUsingServiceIds is not a function[39m
[31mTypeError: this.providerServiceQueries.findProvidersUsingServiceIds is not a function[39m
[31m    at UserFetchServiceProvidersUseCase.execute (D:\Projects\BrocamP\Projects\Personal Projects\21. Slotflow\Slotflow-Main-Backend\src\application\useCases\user\userProvider.useCase.ts:22:59)[39m
[31m    at UserProviderController.fetchServiceProviders (D:\Projects\BrocamP\Projects\Personal Projects\21. Slotflow\Slotflow-Main-Backend\src\presentation\user\userProvider.controller.ts:40:72)[39m
[31m    at Layer.handle [as handle_request] (D:\Projects\BrocamP\Projects\Personal Projects\21. Slotflow\Slotflow-Main-Backend\node_modules\express\lib\router\layer.js:95:5)[39m
[31m    at next (D:\Projects\BrocamP\Projects\Personal Projects\21. Slotflow\Slotflow-Main-Backend\node_modules\express\lib\router\route.js:149:13)[39m
[31m    at authMiddleware (D:\Projects\BrocamP\Projects\Personal Projects\21. Slotflow\Slotflow-Main-Backend\src\presentation\middleware\auth.middleware.ts:56:5)[39m
[31m    at process.processTicksAndRejections (node:internal/process/task_queues:105:5)[39m
[2026-01-06 17:46:37] [[31merror[39m]: [31mfetchServiceProviders failed[39m
[31mthis.providerServiceQueries.findProvidersUsingServiceIds is not a function[39m
[31mTypeError: this.providerServiceQueries.findProvidersUsingServiceIds is not a function[39m
[31m    at UserFetchServiceProvidersUseCase.execute (D:\Projects\BrocamP\Projects\Personal Projects\21. Slotflow\Slotflow-Main-Backend\src\application\useCases\user\userProvider.useCase.ts:22:59)[39m
[31m    at UserProviderController.fetchServiceProviders (D:\Projects\BrocamP\Projects\Personal Projects\21. Slotflow\Slotflow-Main-Backend\src\presentation\user\userProvider.controller.ts:40:72)[39m
[31m    at Layer.handle [as handle_request] (D:\Projects\BrocamP\Projects\Personal Projects\21. Slotflow\Slotflow-Main-Backend\node_modules\express\lib\router\layer.js:95:5)[39m
[31m    at next (D:\Projects\BrocamP\Projects\Personal Projects\21. Slotflow\Slotflow-Main-Backend\node_modules\express\lib\router\route.js:149:13)[39m
[31m    at authMiddleware (D:\Projects\BrocamP\Projects\Personal Projects\21. Slotflow\Slotflow-Main-Backend\src\presentation\middleware\auth.middleware.ts:56:5)[39m
[31m    at process.processTicksAndRejections (node:internal/process/task_queues:105:5)[39m
[2026-01-06 17:46:39] [[31merror[39m]: [31mUserFetchServiceProvidersUseCase failed[39m
[31mthis.providerServiceQueries.findProvidersUsingServiceIds is not a function[39m
[31mTypeError: this.providerServiceQueries.findProvidersUsingServiceIds is not a function[39m
[31m    at UserFetchServiceProvidersUseCase.execute (D:\Projects\BrocamP\Projects\Personal Projects\21. Slotflow\Slotflow-Main-Backend\src\application\useCases\user\userProvider.useCase.ts:22:59)[39m
[31m    at UserProviderController.fetchServiceProviders (D:\Projects\BrocamP\Projects\Personal Projects\21. Slotflow\Slotflow-Main-Backend\src\presentation\user\userProvider.controller.ts:40:72)[39m
[31m    at Layer.handle [as handle_request] (D:\Projects\BrocamP\Projects\Personal Projects\21. Slotflow\Slotflow-Main-Backend\node_modules\express\lib\router\layer.js:95:5)[39m
[31m    at next (D:\Projects\BrocamP\Projects\Personal Projects\21. Slotflow\Slotflow-Main-Backend\node_modules\express\lib\router\route.js:149:13)[39m
[31m    at authMiddleware (D:\Projects\BrocamP\Projects\Personal Projects\21. Slotflow\Slotflow-Main-Backend\src\presentation\middleware\auth.middleware.ts:56:5)[39m
[31m    at process.processTicksAndRejections (node:internal/process/task_queues:105:5)[39m
[2026-01-06 17:46:39] [[31merror[39m]: [31mfetchServiceProviders failed[39m
[31mthis.providerServiceQueries.findProvidersUsingServiceIds is not a function[39m
[31mTypeError: this.providerServiceQueries.findProvidersUsingServiceIds is not a function[39m
[31m    at UserFetchServiceProvidersUseCase.execute (D:\Projects\BrocamP\Projects\Personal Projects\21. Slotflow\Slotflow-Main-Backend\src\application\useCases\user\userProvider.useCase.ts:22:59)[39m
[31m    at UserProviderController.fetchServiceProviders (D:\Projects\BrocamP\Projects\Personal Projects\21. Slotflow\Slotflow-Main-Backend\src\presentation\user\userProvider.controller.ts:40:72)[39m
[31m    at Layer.handle [as handle_request] (D:\Projects\BrocamP\Projects\Personal Projects\21. Slotflow\Slotflow-Main-Backend\node_modules\express\lib\router\layer.js:95:5)[39m
[31m    at next (D:\Projects\BrocamP\Projects\Personal Projects\21. Slotflow\Slotflow-Main-Backend\node_modules\express\lib\router\route.js:149:13)[39m
[31m    at authMiddleware (D:\Projects\BrocamP\Projects\Personal Projects\21. Slotflow\Slotflow-Main-Backend\src\presentation\middleware\auth.middleware.ts:56:5)[39m
[31m    at process.processTicksAndRejections (node:internal/process/task_queues:105:5)[39m
[2026-01-06 17:46:43] [[31merror[39m]: [31mUserFetchServiceProvidersUseCase failed[39m
[31mthis.providerServiceQueries.findProvidersUsingServiceIds is not a function[39m
[31mTypeError: this.providerServiceQueries.findProvidersUsingServiceIds is not a function[39m
[31m    at UserFetchServiceProvidersUseCase.execute (D:\Projects\BrocamP\Projects\Personal Projects\21. Slotflow\Slotflow-Main-Backend\src\application\useCases\user\userProvider.useCase.ts:22:59)[39m
[31m    at UserProviderController.fetchServiceProviders (D:\Projects\BrocamP\Projects\Personal Projects\21. Slotflow\Slotflow-Main-Backend\src\presentation\user\userProvider.controller.ts:40:72)[39m
[31m    at Layer.handle [as handle_request] (D:\Projects\BrocamP\Projects\Personal Projects\21. Slotflow\Slotflow-Main-Backend\node_modules\express\lib\router\layer.js:95:5)[39m
[31m    at next (D:\Projects\BrocamP\Projects\Personal Projects\21. Slotflow\Slotflow-Main-Backend\node_modules\express\lib\router\route.js:149:13)[39m
[31m    at authMiddleware (D:\Projects\BrocamP\Projects\Personal Projects\21. Slotflow\Slotflow-Main-Backend\src\presentation\middleware\auth.middleware.ts:56:5)[39m
[31m    at process.processTicksAndRejections (node:internal/process/task_queues:105:5)[39m
[2026-01-06 17:46:43] [[31merror[39m]: [31mfetchServiceProviders failed[39m
[31mthis.providerServiceQueries.findProvidersUsingServiceIds is not a function[39m
[31mTypeError: this.providerServiceQueries.findProvidersUsingServiceIds is not a function[39m
[31m    at UserFetchServiceProvidersUseCase.execute (D:\Projects\BrocamP\Projects\Personal Projects\21. Slotflow\Slotflow-Main-Backend\src\application\useCases\user\userProvider.useCase.ts:22:59)[39m
[31m    at UserProviderController.fetchServiceProviders (D:\Projects\BrocamP\Projects\Personal Projects\21. Slotflow\Slotflow-Main-Backend\src\presentation\user\userProvider.controller.ts:40:72)[39m
[31m    at Layer.handle [as handle_request] (D:\Projects\BrocamP\Projects\Personal Projects\21. Slotflow\Slotflow-Main-Backend\node_modules\express\lib\router\layer.js:95:5)[39m
[31m    at next (D:\Projects\BrocamP\Projects\Personal Projects\21. Slotflow\Slotflow-Main-Backend\node_modules\express\lib\router\route.js:149:13)[39m
[31m    at authMiddleware (D:\Projects\BrocamP\Projects\Personal Projects\21. Slotflow\Slotflow-Main-Backend\src\presentation\middleware\auth.middleware.ts:56:5)[39m
[31m    at process.processTicksAndRejections (node:internal/process/task_queues:105:5)[39m
[2026-01-06 17:48:32] [[31merror[39m]: [31mUserFetchServiceProvidersUseCase failed[39m
[31mthis.providerServiceQueries.findProvidersUsingServiceIds is not a function[39m
[31mTypeError: this.providerServiceQueries.findProvidersUsingServiceIds is not a function[39m
[31m    at UserFetchServiceProvidersUseCase.execute (D:\Projects\BrocamP\Projects\Personal Projects\21. Slotflow\Slotflow-Main-Backend\src\application\useCases\user\userProvider.useCase.ts:22:59)[39m
[31m    at UserProviderController.fetchServiceProviders (D:\Projects\BrocamP\Projects\Personal Projects\21. Slotflow\Slotflow-Main-Backend\src\presentation\user\userProvider.controller.ts:40:72)[39m
[31m    at Layer.handle [as handle_request] (D:\Projects\BrocamP\Projects\Personal Projects\21. Slotflow\Slotflow-Main-Backend\node_modules\express\lib\router\layer.js:95:5)[39m
[31m    at next (D:\Projects\BrocamP\Projects\Personal Projects\21. Slotflow\Slotflow-Main-Backend\node_modules\express\lib\router\route.js:149:13)[39m
[31m    at authMiddleware (D:\Projects\BrocamP\Projects\Personal Projects\21. Slotflow\Slotflow-Main-Backend\src\presentation\middleware\auth.middleware.ts:56:5)[39m
[31m    at process.processTicksAndRejections (node:internal/process/task_queues:105:5)[39m
[2026-01-06 17:48:32] [[31merror[39m]: [31mfetchServiceProviders failed[39m
[31mthis.providerServiceQueries.findProvidersUsingServiceIds is not a function[39m
[31mTypeError: this.providerServiceQueries.findProvidersUsingServiceIds is not a function[39m
[31m    at UserFetchServiceProvidersUseCase.execute (D:\Projects\BrocamP\Projects\Personal Projects\21. Slotflow\Slotflow-Main-Backend\src\application\useCases\user\userProvider.useCase.ts:22:59)[39m
[31m    at UserProviderController.fetchServiceProviders (D:\Projects\BrocamP\Projects\Personal Projects\21. Slotflow\Slotflow-Main-Backend\src\presentation\user\userProvider.controller.ts:40:72)[39m
[31m    at Layer.handle [as handle_request] (D:\Projects\BrocamP\Projects\Personal Projects\21. Slotflow\Slotflow-Main-Backend\node_modules\express\lib\router\layer.js:95:5)[39m
[31m    at next (D:\Projects\BrocamP\Projects\Personal Projects\21. Slotflow\Slotflow-Main-Backend\node_modules\express\lib\router\route.js:149:13)[39m
[31m    at authMiddleware (D:\Projects\BrocamP\Projects\Personal Projects\21. Slotflow\Slotflow-Main-Backend\src\presentation\middleware\auth.middleware.ts:56:5)[39m
[31m    at process.processTicksAndRejections (node:internal/process/task_queues:105:5)[39m
[2026-01-06 17:48:35] [[31merror[39m]: [31mUserFetchServiceProvidersUseCase failed[39m
[31mthis.providerServiceQueries.findProvidersUsingServiceIds is not a function[39m
[31mTypeError: this.providerServiceQueries.findProvidersUsingServiceIds is not a function[39m
[31m    at UserFetchServiceProvidersUseCase.execute (D:\Projects\BrocamP\Projects\Personal Projects\21. Slotflow\Slotflow-Main-Backend\src\application\useCases\user\userProvider.useCase.ts:22:59)[39m
[31m    at UserProviderController.fetchServiceProviders (D:\Projects\BrocamP\Projects\Personal Projects\21. Slotflow\Slotflow-Main-Backend\src\presentation\user\userProvider.controller.ts:40:72)[39m
[31m    at Layer.handle [as handle_request] (D:\Projects\BrocamP\Projects\Personal Projects\21. Slotflow\Slotflow-Main-Backend\node_modules\express\lib\router\layer.js:95:5)[39m
[31m    at next (D:\Projects\BrocamP\Projects\Personal Projects\21. Slotflow\Slotflow-Main-Backend\node_modules\express\lib\router\route.js:149:13)[39m
[31m    at authMiddleware (D:\Projects\BrocamP\Projects\Personal Projects\21. Slotflow\Slotflow-Main-Backend\src\presentation\middleware\auth.middleware.ts:56:5)[39m
[31m    at process.processTicksAndRejections (node:internal/process/task_queues:105:5)[39m
[2026-01-06 17:48:35] [[31merror[39m]: [31mfetchServiceProviders failed[39m
[31mthis.providerServiceQueries.findProvidersUsingServiceIds is not a function[39m
[31mTypeError: this.providerServiceQueries.findProvidersUsingServiceIds is not a function[39m
[31m    at UserFetchServiceProvidersUseCase.execute (D:\Projects\BrocamP\Projects\Personal Projects\21. Slotflow\Slotflow-Main-Backend\src\application\useCases\user\userProvider.useCase.ts:22:59)[39m
[31m    at UserProviderController.fetchServiceProviders (D:\Projects\BrocamP\Projects\Personal Projects\21. Slotflow\Slotflow-Main-Backend\src\presentation\user\userProvider.controller.ts:40:72)[39m
[31m    at Layer.handle [as handle_request] (D:\Projects\BrocamP\Projects\Personal Projects\21. Slotflow\Slotflow-Main-Backend\node_modules\express\lib\router\layer.js:95:5)[39m
[31m    at next (D:\Projects\BrocamP\Projects\Personal Projects\21. Slotflow\Slotflow-Main-Backend\node_modules\express\lib\router\route.js:149:13)[39m
[31m    at authMiddleware (D:\Projects\BrocamP\Projects\Personal Projects\21. Slotflow\Slotflow-Main-Backend\src\presentation\middleware\auth.middleware.ts:56:5)[39m
[31m    at process.processTicksAndRejections (node:internal/process/task_queues:105:5)[39m
[2026-01-06 17:48:38] [[31merror[39m]: [31mUserFetchServiceProvidersUseCase failed[39m
[31mthis.providerServiceQueries.findProvidersUsingServiceIds is not a function[39m
[31mTypeError: this.providerServiceQueries.findProvidersUsingServiceIds is not a function[39m
[31m    at UserFetchServiceProvidersUseCase.execute (D:\Projects\BrocamP\Projects\Personal Projects\21. Slotflow\Slotflow-Main-Backend\src\application\useCases\user\userProvider.useCase.ts:22:59)[39m
[31m    at UserProviderController.fetchServiceProviders (D:\Projects\BrocamP\Projects\Personal Projects\21. Slotflow\Slotflow-Main-Backend\src\presentation\user\userProvider.controller.ts:40:72)[39m
[31m    at Layer.handle [as handle_request] (D:\Projects\BrocamP\Projects\Personal Projects\21. Slotflow\Slotflow-Main-Backend\node_modules\express\lib\router\layer.js:95:5)[39m
[31m    at next (D:\Projects\BrocamP\Projects\Personal Projects\21. Slotflow\Slotflow-Main-Backend\node_modules\express\lib\router\route.js:149:13)[39m
[31m    at authMiddleware (D:\Projects\BrocamP\Projects\Personal Projects\21. Slotflow\Slotflow-Main-Backend\src\presentation\middleware\auth.middleware.ts:56:5)[39m
[31m    at process.processTicksAndRejections (node:internal/process/task_queues:105:5)[39m
[2026-01-06 17:48:38] [[31merror[39m]: [31mfetchServiceProviders failed[39m
[31mthis.providerServiceQueries.findProvidersUsingServiceIds is not a function[39m
[31mTypeError: this.providerServiceQueries.findProvidersUsingServiceIds is not a function[39m
[31m    at UserFetchServiceProvidersUseCase.execute (D:\Projects\BrocamP\Projects\Personal Projects\21. Slotflow\Slotflow-Main-Backend\src\application\useCases\user\userProvider.useCase.ts:22:59)[39m
[31m    at UserProviderController.fetchServiceProviders (D:\Projects\BrocamP\Projects\Personal Projects\21. Slotflow\Slotflow-Main-Backend\src\presentation\user\userProvider.controller.ts:40:72)[39m
[31m    at Layer.handle [as handle_request] (D:\Projects\BrocamP\Projects\Personal Projects\21. Slotflow\Slotflow-Main-Backend\node_modules\express\lib\router\layer.js:95:5)[39m
[31m    at next (D:\Projects\BrocamP\Projects\Personal Projects\21. Slotflow\Slotflow-Main-Backend\node_modules\express\lib\router\route.js:149:13)[39m
[31m    at authMiddleware (D:\Projects\BrocamP\Projects\Personal Projects\21. Slotflow\Slotflow-Main-Backend\src\presentation\middleware\auth.middleware.ts:56:5)[39m
[31m    at process.processTicksAndRejections (node:internal/process/task_queues:105:5)[39m
[2026-01-06 17:51:30] [[31merror[39m]: [31mUserFetchServiceProvidersUseCase failed[39m
[31mthis.providerServiceQueries.findProvidersUsingServiceIds is not a function[39m
[31mTypeError: this.providerServiceQueries.findProvidersUsingServiceIds is not a function[39m
[31m    at UserFetchServiceProvidersUseCase.execute (D:\Projects\BrocamP\Projects\Personal Projects\21. Slotflow\Slotflow-Main-Backend\src\application\useCases\user\userProvider.useCase.ts:22:59)[39m
[31m    at UserProviderController.fetchServiceProviders (D:\Projects\BrocamP\Projects\Personal Projects\21. Slotflow\Slotflow-Main-Backend\src\presentation\user\userProvider.controller.ts:40:72)[39m
[31m    at Layer.handle [as handle_request] (D:\Projects\BrocamP\Projects\Personal Projects\21. Slotflow\Slotflow-Main-Backend\node_modules\express\lib\router\layer.js:95:5)[39m
[31m    at next (D:\Projects\BrocamP\Projects\Personal Projects\21. Slotflow\Slotflow-Main-Backend\node_modules\express\lib\router\route.js:149:13)[39m
[31m    at authMiddleware (D:\Projects\BrocamP\Projects\Personal Projects\21. Slotflow\Slotflow-Main-Backend\src\presentation\middleware\auth.middleware.ts:56:5)[39m
[31m    at process.processTicksAndRejections (node:internal/process/task_queues:105:5)[39m
[2026-01-06 17:51:30] [[31merror[39m]: [31mfetchServiceProviders failed[39m
[31mthis.providerServiceQueries.findProvidersUsingServiceIds is not a function[39m
[31mTypeError: this.providerServiceQueries.findProvidersUsingServiceIds is not a function[39m
[31m    at UserFetchServiceProvidersUseCase.execute (D:\Projects\BrocamP\Projects\Personal Projects\21. Slotflow\Slotflow-Main-Backend\src\application\useCases\user\userProvider.useCase.ts:22:59)[39m
[31m    at UserProviderController.fetchServiceProviders (D:\Projects\BrocamP\Projects\Personal Projects\21. Slotflow\Slotflow-Main-Backend\src\presentation\user\userProvider.controller.ts:40:72)[39m
[31m    at Layer.handle [as handle_request] (D:\Projects\BrocamP\Projects\Personal Projects\21. Slotflow\Slotflow-Main-Backend\node_modules\express\lib\router\layer.js:95:5)[39m
[31m    at next (D:\Projects\BrocamP\Projects\Personal Projects\21. Slotflow\Slotflow-Main-Backend\node_modules\express\lib\router\route.js:149:13)[39m
[31m    at authMiddleware (D:\Projects\BrocamP\Projects\Personal Projects\21. Slotflow\Slotflow-Main-Backend\src\presentation\middleware\auth.middleware.ts:56:5)[39m
[31m    at process.processTicksAndRejections (node:internal/process/task_queues:105:5)[39m
[2026-01-06 17:51:31] [[31merror[39m]: [31mUserFetchServiceProvidersUseCase failed[39m
[31mthis.providerServiceQueries.findProvidersUsingServiceIds is not a function[39m
[31mTypeError: this.providerServiceQueries.findProvidersUsingServiceIds is not a function[39m
[31m    at UserFetchServiceProvidersUseCase.execute (D:\Projects\BrocamP\Projects\Personal Projects\21. Slotflow\Slotflow-Main-Backend\src\application\useCases\user\userProvider.useCase.ts:22:59)[39m
[31m    at UserProviderController.fetchServiceProviders (D:\Projects\BrocamP\Projects\Personal Projects\21. Slotflow\Slotflow-Main-Backend\src\presentation\user\userProvider.controller.ts:40:72)[39m
[31m    at Layer.handle [as handle_request] (D:\Projects\BrocamP\Projects\Personal Projects\21. Slotflow\Slotflow-Main-Backend\node_modules\express\lib\router\layer.js:95:5)[39m
[31m    at next (D:\Projects\BrocamP\Projects\Personal Projects\21. Slotflow\Slotflow-Main-Backend\node_modules\express\lib\router\route.js:149:13)[39m
[31m    at authMiddleware (D:\Projects\BrocamP\Projects\Personal Projects\21. Slotflow\Slotflow-Main-Backend\src\presentation\middleware\auth.middleware.ts:56:5)[39m
[31m    at process.processTicksAndRejections (node:internal/process/task_queues:105:5)[39m
[2026-01-06 17:51:31] [[31merror[39m]: [31mfetchServiceProviders failed[39m
[31mthis.providerServiceQueries.findProvidersUsingServiceIds is not a function[39m
[31mTypeError: this.providerServiceQueries.findProvidersUsingServiceIds is not a function[39m
[31m    at UserFetchServiceProvidersUseCase.execute (D:\Projects\BrocamP\Projects\Personal Projects\21. Slotflow\Slotflow-Main-Backend\src\application\useCases\user\userProvider.useCase.ts:22:59)[39m
[31m    at UserProviderController.fetchServiceProviders (D:\Projects\BrocamP\Projects\Personal Projects\21. Slotflow\Slotflow-Main-Backend\src\presentation\user\userProvider.controller.ts:40:72)[39m
[31m    at Layer.handle [as handle_request] (D:\Projects\BrocamP\Projects\Personal Projects\21. Slotflow\Slotflow-Main-Backend\node_modules\express\lib\router\layer.js:95:5)[39m
[31m    at next (D:\Projects\BrocamP\Projects\Personal Projects\21. Slotflow\Slotflow-Main-Backend\node_modules\express\lib\router\route.js:149:13)[39m
[31m    at authMiddleware (D:\Projects\BrocamP\Projects\Personal Projects\21. Slotflow\Slotflow-Main-Backend\src\presentation\middleware\auth.middleware.ts:56:5)[39m
[31m    at process.processTicksAndRejections (node:internal/process/task_queues:105:5)[39m
[2026-01-06 17:51:33] [[31merror[39m]: [31mUserFetchServiceProvidersUseCase failed[39m
[31mthis.providerServiceQueries.findProvidersUsingServiceIds is not a function[39m
[31mTypeError: this.providerServiceQueries.findProvidersUsingServiceIds is not a function[39m
[31m    at UserFetchServiceProvidersUseCase.execute (D:\Projects\BrocamP\Projects\Personal Projects\21. Slotflow\Slotflow-Main-Backend\src\application\useCases\user\userProvider.useCase.ts:22:59)[39m
[31m    at UserProviderController.fetchServiceProviders (D:\Projects\BrocamP\Projects\Personal Projects\21. Slotflow\Slotflow-Main-Backend\src\presentation\user\userProvider.controller.ts:40:72)[39m
[31m    at Layer.handle [as handle_request] (D:\Projects\BrocamP\Projects\Personal Projects\21. Slotflow\Slotflow-Main-Backend\node_modules\express\lib\router\layer.js:95:5)[39m
[31m    at next (D:\Projects\BrocamP\Projects\Personal Projects\21. Slotflow\Slotflow-Main-Backend\node_modules\express\lib\router\route.js:149:13)[39m
[31m    at authMiddleware (D:\Projects\BrocamP\Projects\Personal Projects\21. Slotflow\Slotflow-Main-Backend\src\presentation\middleware\auth.middleware.ts:56:5)[39m
[31m    at process.processTicksAndRejections (node:internal/process/task_queues:105:5)[39m
[2026-01-06 17:51:33] [[31merror[39m]: [31mfetchServiceProviders failed[39m
[31mthis.providerServiceQueries.findProvidersUsingServiceIds is not a function[39m
[31mTypeError: this.providerServiceQueries.findProvidersUsingServiceIds is not a function[39m
[31m    at UserFetchServiceProvidersUseCase.execute (D:\Projects\BrocamP\Projects\Personal Projects\21. Slotflow\Slotflow-Main-Backend\src\application\useCases\user\userProvider.useCase.ts:22:59)[39m
[31m    at UserProviderController.fetchServiceProviders (D:\Projects\BrocamP\Projects\Personal Projects\21. Slotflow\Slotflow-Main-Backend\src\presentation\user\userProvider.controller.ts:40:72)[39m
[31m    at Layer.handle [as handle_request] (D:\Projects\BrocamP\Projects\Personal Projects\21. Slotflow\Slotflow-Main-Backend\node_modules\express\lib\router\layer.js:95:5)[39m
[31m    at next (D:\Projects\BrocamP\Projects\Personal Projects\21. Slotflow\Slotflow-Main-Backend\node_modules\express\lib\router\route.js:149:13)[39m
[31m    at authMiddleware (D:\Projects\BrocamP\Projects\Personal Projects\21. Slotflow\Slotflow-Main-Backend\src\presentation\middleware\auth.middleware.ts:56:5)[39m
[31m    at process.processTicksAndRejections (node:internal/process/task_queues:105:5)[39m
[2026-01-06 17:51:38] [[31merror[39m]: [31mUserFetchServiceProvidersUseCase failed[39m
[31mthis.providerServiceQueries.findProvidersUsingServiceIds is not a function[39m
[31mTypeError: this.providerServiceQueries.findProvidersUsingServiceIds is not a function[39m
[31m    at UserFetchServiceProvidersUseCase.execute (D:\Projects\BrocamP\Projects\Personal Projects\21. Slotflow\Slotflow-Main-Backend\src\application\useCases\user\userProvider.useCase.ts:22:59)[39m
[31m    at UserProviderController.fetchServiceProviders (D:\Projects\BrocamP\Projects\Personal Projects\21. Slotflow\Slotflow-Main-Backend\src\presentation\user\userProvider.controller.ts:40:72)[39m
[31m    at Layer.handle [as handle_request] (D:\Projects\BrocamP\Projects\Personal Projects\21. Slotflow\Slotflow-Main-Backend\node_modules\express\lib\router\layer.js:95:5)[39m
[31m    at next (D:\Projects\BrocamP\Projects\Personal Projects\21. Slotflow\Slotflow-Main-Backend\node_modules\express\lib\router\route.js:149:13)[39m
[31m    at authMiddleware (D:\Projects\BrocamP\Projects\Personal Projects\21. Slotflow\Slotflow-Main-Backend\src\presentation\middleware\auth.middleware.ts:56:5)[39m
[31m    at process.processTicksAndRejections (node:internal/process/task_queues:105:5)[39m
[2026-01-06 17:51:38] [[31merror[39m]: [31mfetchServiceProviders failed[39m
[31mthis.providerServiceQueries.findProvidersUsingServiceIds is not a function[39m
[31mTypeError: this.providerServiceQueries.findProvidersUsingServiceIds is not a function[39m
[31m    at UserFetchServiceProvidersUseCase.execute (D:\Projects\BrocamP\Projects\Personal Projects\21. Slotflow\Slotflow-Main-Backend\src\application\useCases\user\userProvider.useCase.ts:22:59)[39m
[31m    at UserProviderController.fetchServiceProviders (D:\Projects\BrocamP\Projects\Personal Projects\21. Slotflow\Slotflow-Main-Backend\src\presentation\user\userProvider.controller.ts:40:72)[39m
[31m    at Layer.handle [as handle_request] (D:\Projects\BrocamP\Projects\Personal Projects\21. Slotflow\Slotflow-Main-Backend\node_modules\express\lib\router\layer.js:95:5)[39m
[31m    at next (D:\Projects\BrocamP\Projects\Personal Projects\21. Slotflow\Slotflow-Main-Backend\node_modules\express\lib\router\route.js:149:13)[39m
[31m    at authMiddleware (D:\Projects\BrocamP\Projects\Personal Projects\21. Slotflow\Slotflow-Main-Backend\src\presentation\middleware\auth.middleware.ts:56:5)[39m
[31m    at process.processTicksAndRejections (node:internal/process/task_queues:105:5)[39m
[2026-01-06 17:52:38] [[31merror[39m]: [31mUserFetchServiceProvidersUseCase failed[39m
[31mthis.providerServiceQueries.findProvidersUsingServiceIds is not a function[39m
[31mTypeError: this.providerServiceQueries.findProvidersUsingServiceIds is not a function[39m
[31m    at UserFetchServiceProvidersUseCase.execute (D:\Projects\BrocamP\Projects\Personal Projects\21. Slotflow\Slotflow-Main-Backend\src\application\useCases\user\userProvider.useCase.ts:22:59)[39m
[31m    at UserProviderController.fetchServiceProviders (D:\Projects\BrocamP\Projects\Personal Projects\21. Slotflow\Slotflow-Main-Backend\src\presentation\user\userProvider.controller.ts:40:72)[39m
[31m    at Layer.handle [as handle_request] (D:\Projects\BrocamP\Projects\Personal Projects\21. Slotflow\Slotflow-Main-Backend\node_modules\express\lib\router\layer.js:95:5)[39m
[31m    at next (D:\Projects\BrocamP\Projects\Personal Projects\21. Slotflow\Slotflow-Main-Backend\node_modules\express\lib\router\route.js:149:13)[39m
[31m    at authMiddleware (D:\Projects\BrocamP\Projects\Personal Projects\21. Slotflow\Slotflow-Main-Backend\src\presentation\middleware\auth.middleware.ts:56:5)[39m
[31m    at process.processTicksAndRejections (node:internal/process/task_queues:105:5)[39m
[2026-01-06 17:52:38] [[31merror[39m]: [31mfetchServiceProviders failed[39m
[31mthis.providerServiceQueries.findProvidersUsingServiceIds is not a function[39m
[31mTypeError: this.providerServiceQueries.findProvidersUsingServiceIds is not a function[39m
[31m    at UserFetchServiceProvidersUseCase.execute (D:\Projects\BrocamP\Projects\Personal Projects\21. Slotflow\Slotflow-Main-Backend\src\application\useCases\user\userProvider.useCase.ts:22:59)[39m
[31m    at UserProviderController.fetchServiceProviders (D:\Projects\BrocamP\Projects\Personal Projects\21. Slotflow\Slotflow-Main-Backend\src\presentation\user\userProvider.controller.ts:40:72)[39m
[31m    at Layer.handle [as handle_request] (D:\Projects\BrocamP\Projects\Personal Projects\21. Slotflow\Slotflow-Main-Backend\node_modules\express\lib\router\layer.js:95:5)[39m
[31m    at next (D:\Projects\BrocamP\Projects\Personal Projects\21. Slotflow\Slotflow-Main-Backend\node_modules\express\lib\router\route.js:149:13)[39m
[31m    at authMiddleware (D:\Projects\BrocamP\Projects\Personal Projects\21. Slotflow\Slotflow-Main-Backend\src\presentation\middleware\auth.middleware.ts:56:5)[39m
[31m    at process.processTicksAndRejections (node:internal/process/task_queues:105:5)[39m
[2026-01-06 17:54:12] [[31merror[39m]: [31mUserFetchServiceProvidersUseCase failed[39m
[31mthis.providerServiceQueries.findProvidersUsingServiceIds is not a function[39m
[31mTypeError: this.providerServiceQueries.findProvidersUsingServiceIds is not a function[39m
[31m    at UserFetchServiceProvidersUseCase.execute (D:\Projects\BrocamP\Projects\Personal Projects\21. Slotflow\Slotflow-Main-Backend\src\application\useCases\user\userProvider.useCase.ts:22:59)[39m
[31m    at UserProviderController.fetchServiceProviders (D:\Projects\BrocamP\Projects\Personal Projects\21. Slotflow\Slotflow-Main-Backend\src\presentation\user\userProvider.controller.ts:40:72)[39m
[31m    at Layer.handle [as handle_request] (D:\Projects\BrocamP\Projects\Personal Projects\21. Slotflow\Slotflow-Main-Backend\node_modules\express\lib\router\layer.js:95:5)[39m
[31m    at next (D:\Projects\BrocamP\Projects\Personal Projects\21. Slotflow\Slotflow-Main-Backend\node_modules\express\lib\router\route.js:149:13)[39m
[31m    at authMiddleware (D:\Projects\BrocamP\Projects\Personal Projects\21. Slotflow\Slotflow-Main-Backend\src\presentation\middleware\auth.middleware.ts:56:5)[39m
[31m    at process.processTicksAndRejections (node:internal/process/task_queues:105:5)[39m
[2026-01-06 17:54:12] [[31merror[39m]: [31mfetchServiceProviders failed[39m
[31mthis.providerServiceQueries.findProvidersUsingServiceIds is not a function[39m
[31mTypeError: this.providerServiceQueries.findProvidersUsingServiceIds is not a function[39m
[31m    at UserFetchServiceProvidersUseCase.execute (D:\Projects\BrocamP\Projects\Personal Projects\21. Slotflow\Slotflow-Main-Backend\src\application\useCases\user\userProvider.useCase.ts:22:59)[39m
[31m    at UserProviderController.fetchServiceProviders (D:\Projects\BrocamP\Projects\Personal Projects\21. Slotflow\Slotflow-Main-Backend\src\presentation\user\userProvider.controller.ts:40:72)[39m
[31m    at Layer.handle [as handle_request] (D:\Projects\BrocamP\Projects\Personal Projects\21. Slotflow\Slotflow-Main-Backend\node_modules\express\lib\router\layer.js:95:5)[39m
[31m    at next (D:\Projects\BrocamP\Projects\Personal Projects\21. Slotflow\Slotflow-Main-Backend\node_modules\express\lib\router\route.js:149:13)[39m
[31m    at authMiddleware (D:\Projects\BrocamP\Projects\Personal Projects\21. Slotflow\Slotflow-Main-Backend\src\presentation\middleware\auth.middleware.ts:56:5)[39m
[31m    at process.processTicksAndRejections (node:internal/process/task_queues:105:5)[39m
[2026-01-06 18:04:35] [[31merror[39m]: [31mUserFetchServiceProvidersUseCase failed[39m
[31mthis.providerServiceQueries.findProvidersUsingServiceIds is not a function[39m
[31mTypeError: this.providerServiceQueries.findProvidersUsingServiceIds is not a function[39m
[31m    at UserFetchServiceProvidersUseCase.execute (D:\Projects\BrocamP\Projects\Personal Projects\21. Slotflow\Slotflow-Main-Backend\src\application\useCases\user\userProvider.useCase.ts:21:59)[39m
[31m    at UserProviderController.fetchServiceProviders (D:\Projects\BrocamP\Projects\Personal Projects\21. Slotflow\Slotflow-Main-Backend\src\presentation\user\userProvider.controller.ts:40:72)[39m
[31m    at Layer.handle [as handle_request] (D:\Projects\BrocamP\Projects\Personal Projects\21. Slotflow\Slotflow-Main-Backend\node_modules\express\lib\router\layer.js:95:5)[39m
[31m    at next (D:\Projects\BrocamP\Projects\Personal Projects\21. Slotflow\Slotflow-Main-Backend\node_modules\express\lib\router\route.js:149:13)[39m
[31m    at authMiddleware (D:\Projects\BrocamP\Projects\Personal Projects\21. Slotflow\Slotflow-Main-Backend\src\presentation\middleware\auth.middleware.ts:56:5)[39m
[31m    at process.processTicksAndRejections (node:internal/process/task_queues:105:5)[39m
[2026-01-06 18:04:35] [[31merror[39m]: [31mfetchServiceProviders failed[39m
[31mthis.providerServiceQueries.findProvidersUsingServiceIds is not a function[39m
[31mTypeError: this.providerServiceQueries.findProvidersUsingServiceIds is not a function[39m
[31m    at UserFetchServiceProvidersUseCase.execute (D:\Projects\BrocamP\Projects\Personal Projects\21. Slotflow\Slotflow-Main-Backend\src\application\useCases\user\userProvider.useCase.ts:21:59)[39m
[31m    at UserProviderController.fetchServiceProviders (D:\Projects\BrocamP\Projects\Personal Projects\21. Slotflow\Slotflow-Main-Backend\src\presentation\user\userProvider.controller.ts:40:72)[39m
[31m    at Layer.handle [as handle_request] (D:\Projects\BrocamP\Projects\Personal Projects\21. Slotflow\Slotflow-Main-Backend\node_modules\express\lib\router\layer.js:95:5)[39m
[31m    at next (D:\Projects\BrocamP\Projects\Personal Projects\21. Slotflow\Slotflow-Main-Backend\node_modules\express\lib\router\route.js:149:13)[39m
[31m    at authMiddleware (D:\Projects\BrocamP\Projects\Personal Projects\21. Slotflow\Slotflow-Main-Backend\src\presentation\middleware\auth.middleware.ts:56:5)[39m
[31m    at process.processTicksAndRejections (node:internal/process/task_queues:105:5)[39m
[2026-01-06 18:04:36] [[31merror[39m]: [31mUserFetchServiceProvidersUseCase failed[39m
[31mthis.providerServiceQueries.findProvidersUsingServiceIds is not a function[39m
[31mTypeError: this.providerServiceQueries.findProvidersUsingServiceIds is not a function[39m
[31m    at UserFetchServiceProvidersUseCase.execute (D:\Projects\BrocamP\Projects\Personal Projects\21. Slotflow\Slotflow-Main-Backend\src\application\useCases\user\userProvider.useCase.ts:21:59)[39m
[31m    at UserProviderController.fetchServiceProviders (D:\Projects\BrocamP\Projects\Personal Projects\21. Slotflow\Slotflow-Main-Backend\src\presentation\user\userProvider.controller.ts:40:72)[39m
[31m    at Layer.handle [as handle_request] (D:\Projects\BrocamP\Projects\Personal Projects\21. Slotflow\Slotflow-Main-Backend\node_modules\express\lib\router\layer.js:95:5)[39m
[31m    at next (D:\Projects\BrocamP\Projects\Personal Projects\21. Slotflow\Slotflow-Main-Backend\node_modules\express\lib\router\route.js:149:13)[39m
[31m    at authMiddleware (D:\Projects\BrocamP\Projects\Personal Projects\21. Slotflow\Slotflow-Main-Backend\src\presentation\middleware\auth.middleware.ts:56:5)[39m
[31m    at process.processTicksAndRejections (node:internal/process/task_queues:105:5)[39m
[2026-01-06 18:04:36] [[31merror[39m]: [31mfetchServiceProviders failed[39m
[31mthis.providerServiceQueries.findProvidersUsingServiceIds is not a function[39m
[31mTypeError: this.providerServiceQueries.findProvidersUsingServiceIds is not a function[39m
[31m    at UserFetchServiceProvidersUseCase.execute (D:\Projects\BrocamP\Projects\Personal Projects\21. Slotflow\Slotflow-Main-Backend\src\application\useCases\user\userProvider.useCase.ts:21:59)[39m
[31m    at UserProviderController.fetchServiceProviders (D:\Projects\BrocamP\Projects\Personal Projects\21. Slotflow\Slotflow-Main-Backend\src\presentation\user\userProvider.controller.ts:40:72)[39m
[31m    at Layer.handle [as handle_request] (D:\Projects\BrocamP\Projects\Personal Projects\21. Slotflow\Slotflow-Main-Backend\node_modules\express\lib\router\layer.js:95:5)[39m
[31m    at next (D:\Projects\BrocamP\Projects\Personal Projects\21. Slotflow\Slotflow-Main-Backend\node_modules\express\lib\router\route.js:149:13)[39m
[31m    at authMiddleware (D:\Projects\BrocamP\Projects\Personal Projects\21. Slotflow\Slotflow-Main-Backend\src\presentation\middleware\auth.middleware.ts:56:5)[39m
[31m    at process.processTicksAndRejections (node:internal/process/task_queues:105:5)[39m
[2026-01-06 18:04:45] [[31merror[39m]: [31mUserFetchServiceProvidersUseCase failed[39m
[31mthis.providerServiceQueries.findProvidersUsingServiceIds is not a function[39m
[31mTypeError: this.providerServiceQueries.findProvidersUsingServiceIds is not a function[39m
[31m    at UserFetchServiceProvidersUseCase.execute (D:\Projects\BrocamP\Projects\Personal Projects\21. Slotflow\Slotflow-Main-Backend\src\application\useCases\user\userProvider.useCase.ts:21:59)[39m
[31m    at UserProviderController.fetchServiceProviders (D:\Projects\BrocamP\Projects\Personal Projects\21. Slotflow\Slotflow-Main-Backend\src\presentation\user\userProvider.controller.ts:40:72)[39m
[31m    at Layer.handle [as handle_request] (D:\Projects\BrocamP\Projects\Personal Projects\21. Slotflow\Slotflow-Main-Backend\node_modules\express\lib\router\layer.js:95:5)[39m
[31m    at next (D:\Projects\BrocamP\Projects\Personal Projects\21. Slotflow\Slotflow-Main-Backend\node_modules\express\lib\router\route.js:149:13)[39m
[31m    at authMiddleware (D:\Projects\BrocamP\Projects\Personal Projects\21. Slotflow\Slotflow-Main-Backend\src\presentation\middleware\auth.middleware.ts:56:5)[39m
[31m    at process.processTicksAndRejections (node:internal/process/task_queues:105:5)[39m
[2026-01-06 18:04:45] [[31merror[39m]: [31mfetchServiceProviders failed[39m
[31mthis.providerServiceQueries.findProvidersUsingServiceIds is not a function[39m
[31mTypeError: this.providerServiceQueries.findProvidersUsingServiceIds is not a function[39m
[31m    at UserFetchServiceProvidersUseCase.execute (D:\Projects\BrocamP\Projects\Personal Projects\21. Slotflow\Slotflow-Main-Backend\src\application\useCases\user\userProvider.useCase.ts:21:59)[39m
[31m    at UserProviderController.fetchServiceProviders (D:\Projects\BrocamP\Projects\Personal Projects\21. Slotflow\Slotflow-Main-Backend\src\presentation\user\userProvider.controller.ts:40:72)[39m
[31m    at Layer.handle [as handle_request] (D:\Projects\BrocamP\Projects\Personal Projects\21. Slotflow\Slotflow-Main-Backend\node_modules\express\lib\router\layer.js:95:5)[39m
[31m    at next (D:\Projects\BrocamP\Projects\Personal Projects\21. Slotflow\Slotflow-Main-Backend\node_modules\express\lib\router\route.js:149:13)[39m
[31m    at authMiddleware (D:\Projects\BrocamP\Projects\Personal Projects\21. Slotflow\Slotflow-Main-Backend\src\presentation\middleware\auth.middleware.ts:56:5)[39m
[31m    at process.processTicksAndRejections (node:internal/process/task_queues:105:5)[39m
[2026-01-06 18:04:49] [[31merror[39m]: [31mUserFetchServiceProvidersUseCase failed[39m
[31mthis.providerServiceQueries.findProvidersUsingServiceIds is not a function[39m
[31mTypeError: this.providerServiceQueries.findProvidersUsingServiceIds is not a function[39m
[31m    at UserFetchServiceProvidersUseCase.execute (D:\Projects\BrocamP\Projects\Personal Projects\21. Slotflow\Slotflow-Main-Backend\src\application\useCases\user\userProvider.useCase.ts:21:59)[39m
[31m    at UserProviderController.fetchServiceProviders (D:\Projects\BrocamP\Projects\Personal Projects\21. Slotflow\Slotflow-Main-Backend\src\presentation\user\userProvider.controller.ts:40:72)[39m
[31m    at Layer.handle [as handle_request] (D:\Projects\BrocamP\Projects\Personal Projects\21. Slotflow\Slotflow-Main-Backend\node_modules\express\lib\router\layer.js:95:5)[39m
[31m    at next (D:\Projects\BrocamP\Projects\Personal Projects\21. Slotflow\Slotflow-Main-Backend\node_modules\express\lib\router\route.js:149:13)[39m
[31m    at authMiddleware (D:\Projects\BrocamP\Projects\Personal Projects\21. Slotflow\Slotflow-Main-Backend\src\presentation\middleware\auth.middleware.ts:56:5)[39m
[31m    at process.processTicksAndRejections (node:internal/process/task_queues:105:5)[39m
[2026-01-06 18:04:49] [[31merror[39m]: [31mfetchServiceProviders failed[39m
[31mthis.providerServiceQueries.findProvidersUsingServiceIds is not a function[39m
[31mTypeError: this.providerServiceQueries.findProvidersUsingServiceIds is not a function[39m
[31m    at UserFetchServiceProvidersUseCase.execute (D:\Projects\BrocamP\Projects\Personal Projects\21. Slotflow\Slotflow-Main-Backend\src\application\useCases\user\userProvider.useCase.ts:21:59)[39m
[31m    at UserProviderController.fetchServiceProviders (D:\Projects\BrocamP\Projects\Personal Projects\21. Slotflow\Slotflow-Main-Backend\src\presentation\user\userProvider.controller.ts:40:72)[39m
[31m    at Layer.handle [as handle_request] (D:\Projects\BrocamP\Projects\Personal Projects\21. Slotflow\Slotflow-Main-Backend\node_modules\express\lib\router\layer.js:95:5)[39m
[31m    at next (D:\Projects\BrocamP\Projects\Personal Projects\21. Slotflow\Slotflow-Main-Backend\node_modules\express\lib\router\route.js:149:13)[39m
[31m    at authMiddleware (D:\Projects\BrocamP\Projects\Personal Projects\21. Slotflow\Slotflow-Main-Backend\src\presentation\middleware\auth.middleware.ts:56:5)[39m
[31m    at process.processTicksAndRejections (node:internal/process/task_queues:105:5)[39m
[2026-01-06 18:06:31] [[31merror[39m]: [31mUserFetchServiceProvidersUseCase failed[39m
[31mthis.providerServiceQueries.findProvidersUsingServiceIds is not a function[39m
[31mTypeError: this.providerServiceQueries.findProvidersUsingServiceIds is not a function[39m
[31m    at UserFetchServiceProvidersUseCase.execute (D:\Projects\BrocamP\Projects\Personal Projects\21. Slotflow\Slotflow-Main-Backend\src\application\useCases\user\userProvider.useCase.ts:21:59)[39m
[31m    at UserProviderController.fetchServiceProviders (D:\Projects\BrocamP\Projects\Personal Projects\21. Slotflow\Slotflow-Main-Backend\src\presentation\user\userProvider.controller.ts:40:72)[39m
[31m    at Layer.handle [as handle_request] (D:\Projects\BrocamP\Projects\Personal Projects\21. Slotflow\Slotflow-Main-Backend\node_modules\express\lib\router\layer.js:95:5)[39m
[31m    at next (D:\Projects\BrocamP\Projects\Personal Projects\21. Slotflow\Slotflow-Main-Backend\node_modules\express\lib\router\route.js:149:13)[39m
[31m    at authMiddleware (D:\Projects\BrocamP\Projects\Personal Projects\21. Slotflow\Slotflow-Main-Backend\src\presentation\middleware\auth.middleware.ts:56:5)[39m
[31m    at process.processTicksAndRejections (node:internal/process/task_queues:105:5)[39m
[2026-01-06 18:06:31] [[31merror[39m]: [31mfetchServiceProviders failed[39m
[31mthis.providerServiceQueries.findProvidersUsingServiceIds is not a function[39m
[31mTypeError: this.providerServiceQueries.findProvidersUsingServiceIds is not a function[39m
[31m    at UserFetchServiceProvidersUseCase.execute (D:\Projects\BrocamP\Projects\Personal Projects\21. Slotflow\Slotflow-Main-Backend\src\application\useCases\user\userProvider.useCase.ts:21:59)[39m
[31m    at UserProviderController.fetchServiceProviders (D:\Projects\BrocamP\Projects\Personal Projects\21. Slotflow\Slotflow-Main-Backend\src\presentation\user\userProvider.controller.ts:40:72)[39m
[31m    at Layer.handle [as handle_request] (D:\Projects\BrocamP\Projects\Personal Projects\21. Slotflow\Slotflow-Main-Backend\node_modules\express\lib\router\layer.js:95:5)[39m
[31m    at next (D:\Projects\BrocamP\Projects\Personal Projects\21. Slotflow\Slotflow-Main-Backend\node_modules\express\lib\router\route.js:149:13)[39m
[31m    at authMiddleware (D:\Projects\BrocamP\Projects\Personal Projects\21. Slotflow\Slotflow-Main-Backend\src\presentation\middleware\auth.middleware.ts:56:5)[39m
[31m    at process.processTicksAndRejections (node:internal/process/task_queues:105:5)[39m
[2026-01-06 18:06:32] [[31merror[39m]: [31mUserFetchServiceProvidersUseCase failed[39m
[31mthis.providerServiceQueries.findProvidersUsingServiceIds is not a function[39m
[31mTypeError: this.providerServiceQueries.findProvidersUsingServiceIds is not a function[39m
[31m    at UserFetchServiceProvidersUseCase.execute (D:\Projects\BrocamP\Projects\Personal Projects\21. Slotflow\Slotflow-Main-Backend\src\application\useCases\user\userProvider.useCase.ts:21:59)[39m
[31m    at UserProviderController.fetchServiceProviders (D:\Projects\BrocamP\Projects\Personal Projects\21. Slotflow\Slotflow-Main-Backend\src\presentation\user\userProvider.controller.ts:40:72)[39m
[31m    at Layer.handle [as handle_request] (D:\Projects\BrocamP\Projects\Personal Projects\21. Slotflow\Slotflow-Main-Backend\node_modules\express\lib\router\layer.js:95:5)[39m
[31m    at next (D:\Projects\BrocamP\Projects\Personal Projects\21. Slotflow\Slotflow-Main-Backend\node_modules\express\lib\router\route.js:149:13)[39m
[31m    at authMiddleware (D:\Projects\BrocamP\Projects\Personal Projects\21. Slotflow\Slotflow-Main-Backend\src\presentation\middleware\auth.middleware.ts:56:5)[39m
[31m    at process.processTicksAndRejections (node:internal/process/task_queues:105:5)[39m
[2026-01-06 18:06:32] [[31merror[39m]: [31mfetchServiceProviders failed[39m
[31mthis.providerServiceQueries.findProvidersUsingServiceIds is not a function[39m
[31mTypeError: this.providerServiceQueries.findProvidersUsingServiceIds is not a function[39m
[31m    at UserFetchServiceProvidersUseCase.execute (D:\Projects\BrocamP\Projects\Personal Projects\21. Slotflow\Slotflow-Main-Backend\src\application\useCases\user\userProvider.useCase.ts:21:59)[39m
[31m    at UserProviderController.fetchServiceProviders (D:\Projects\BrocamP\Projects\Personal Projects\21. Slotflow\Slotflow-Main-Backend\src\presentation\user\userProvider.controller.ts:40:72)[39m
[31m    at Layer.handle [as handle_request] (D:\Projects\BrocamP\Projects\Personal Projects\21. Slotflow\Slotflow-Main-Backend\node_modules\express\lib\router\layer.js:95:5)[39m
[31m    at next (D:\Projects\BrocamP\Projects\Personal Projects\21. Slotflow\Slotflow-Main-Backend\node_modules\express\lib\router\route.js:149:13)[39m
[31m    at authMiddleware (D:\Projects\BrocamP\Projects\Personal Projects\21. Slotflow\Slotflow-Main-Backend\src\presentation\middleware\auth.middleware.ts:56:5)[39m
[31m    at process.processTicksAndRejections (node:internal/process/task_queues:105:5)[39m
[2026-01-06 18:16:37] [[31merror[39m]: [31mfetchServiceProviders failed[39m
[31m[[39m
[31m  {[39m
[31m    "code": "invalid_type",[39m
[31m    "expected": "number",[39m
[31m    "received": "string",[39m
[31m    "path": [[39m
[31m      "maxPrice"[39m
[31m    ],[39m
[31m    "message": "Expected number, received string"[39m
[31m  },[39m
[31m  {[39m
[31m    "code": "invalid_type",[39m
[31m    "expected": "boolean",[39m
[31m    "received": "string",[39m
[31m    "path": [[39m
[31m      "slotflowTrusted"[39m
[31m    ],[39m
[31m    "message": "Expected boolean, received string"[39m
[31m  },[39m
[31m  {[39m
[31m    "code": "invalid_literal",[39m
[31m    "expected": "Point",[39m
[31m    "path": [[39m
[31m      "location",[39m
[31m      "type"[39m
[31m    ],[39m
[31m    "message": "Invalid literal value, expected \"Point\""[39m
[31m  },[39m
[31m  {[39m
[31m    "code": "invalid_type",[39m
[31m    "expected": "array",[39m
[31m    "received": "undefined",[39m
[31m    "path": [[39m
[31m      "location",[39m
[31m      "coordinates"[39m
[31m    ],[39m
[31m    "message": "Required"[39m
[31m  }[39m
[31m][39m
[31mZodError: [[39m
[31m  {[39m
[31m    "code": "invalid_type",[39m
[31m    "expected": "number",[39m
[31m    "received": "string",[39m
[31m    "path": [[39m
[31m      "maxPrice"[39m
[31m    ],[39m
[31m    "message": "Expected number, received string"[39m
[31m  },[39m
[31m  {[39m
[31m    "code": "invalid_type",[39m
[31m    "expected": "boolean",[39m
[31m    "received": "string",[39m
[31m    "path": [[39m
[31m      "slotflowTrusted"[39m
[31m    ],[39m
[31m    "message": "Expected boolean, received string"[39m
[31m  },[39m
[31m  {[39m
[31m    "code": "invalid_literal",[39m
[31m    "expected": "Point",[39m
[31m    "path": [[39m
[31m      "location",[39m
[31m      "type"[39m
[31m    ],[39m
[31m    "message": "Invalid literal value, expected \"Point\""[39m
[31m  },[39m
[31m  {[39m
[31m    "code": "invalid_type",[39m
[31m    "expected": "array",[39m
[31m    "received": "undefined",[39m
[31m    "path": [[39m
[31m      "location",[39m
[31m      "coordinates"[39m
[31m    ],[39m
[31m    "message": "Required"[39m
[31m  }[39m
[31m][39m
[31m    at get error (file:///D:/Projects/BrocamP/Projects/Personal%20Projects/21.%20Slotflow/Slotflow-Main-Backend/node_modules/zod/lib/index.mjs:587:31)[39m
[31m    at ZodObject.parse (file:///D:/Projects/BrocamP/Projects/Personal%20Projects/21.%20Slotflow/Slotflow-Main-Backend/node_modules/zod/lib/index.mjs:663:22)[39m
[31m    at UserProviderController.fetchServiceProviders (D:\Projects\BrocamP\Projects\Personal Projects\21. Slotflow\Slotflow-Main-Backend\src\presentation\user\userProvider.controller.ts:30:66)[39m
[31m    at Layer.handle [as handle_request] (D:\Projects\BrocamP\Projects\Personal Projects\21. Slotflow\Slotflow-Main-Backend\node_modules\express\lib\router\layer.js:95:5)[39m
[31m    at next (D:\Projects\BrocamP\Projects\Personal Projects\21. Slotflow\Slotflow-Main-Backend\node_modules\express\lib\router\route.js:149:13)[39m
[31m    at authMiddleware (D:\Projects\BrocamP\Projects\Personal Projects\21. Slotflow\Slotflow-Main-Backend\src\presentation\middleware\auth.middleware.ts:56:5)[39m
[31m    at process.processTicksAndRejections (node:internal/process/task_queues:105:5)[39m
[2026-01-06 18:18:21] [[31merror[39m]: [31mfetchServiceProviders failed[39m
[31m[[39m
[31m  {[39m
[31m    "code": "invalid_type",[39m
[31m    "expected": "number",[39m
[31m    "received": "string",[39m
[31m    "path": [[39m
[31m      "maxPrice"[39m
[31m    ],[39m
[31m    "message": "Expected number, received string"[39m
[31m  },[39m
[31m  {[39m
[31m    "code": "invalid_literal",[39m
[31m    "expected": "Point",[39m
[31m    "path": [[39m
[31m      "location",[39m
[31m      "type"[39m
[31m    ],[39m
[31m    "message": "Invalid literal value, expected \"Point\""[39m
[31m  },[39m
[31m  {[39m
[31m    "code": "invalid_type",[39m
[31m    "expected": "array",[39m
[31m    "received": "undefined",[39m
[31m    "path": [[39m
[31m      "location",[39m
[31m      "coordinates"[39m
[31m    ],[39m
[31m    "message": "Required"[39m
[31m  }[39m
[31m][39m
[31mZodError: [[39m
[31m  {[39m
[31m    "code": "invalid_type",[39m
[31m    "expected": "number",[39m
[31m    "received": "string",[39m
[31m    "path": [[39m
[31m      "maxPrice"[39m
[31m    ],[39m
[31m    "message": "Expected number, received string"[39m
[31m  },[39m
[31m  {[39m
[31m    "code": "invalid_literal",[39m
[31m    "expected": "Point",[39m
[31m    "path": [[39m
[31m      "location",[39m
[31m      "type"[39m
[31m    ],[39m
[31m    "message": "Invalid literal value, expected \"Point\""[39m
[31m  },[39m
[31m  {[39m
[31m    "code": "invalid_type",[39m
[31m    "expected": "array",[39m
[31m    "received": "undefined",[39m
[31m    "path": [[39m
[31m      "location",[39m
[31m      "coordinates"[39m
[31m    ],[39m
[31m    "message": "Required"[39m
[31m  }[39m
[31m][39m
[31m    at get error (file:///D:/Projects/BrocamP/Projects/Personal%20Projects/21.%20Slotflow/Slotflow-Main-Backend/node_modules/zod/lib/index.mjs:587:31)[39m
[31m    at ZodObject.parse (file:///D:/Projects/BrocamP/Projects/Personal%20Projects/21.%20Slotflow/Slotflow-Main-Backend/node_modules/zod/lib/index.mjs:663:22)[39m
[31m    at UserProviderController.fetchServiceProviders (D:\Projects\BrocamP\Projects\Personal Projects\21. Slotflow\Slotflow-Main-Backend\src\presentation\user\userProvider.controller.ts:30:66)[39m
[31m    at Layer.handle [as handle_request] (D:\Projects\BrocamP\Projects\Personal Projects\21. Slotflow\Slotflow-Main-Backend\node_modules\express\lib\router\layer.js:95:5)[39m
[31m    at next (D:\Projects\BrocamP\Projects\Personal Projects\21. Slotflow\Slotflow-Main-Backend\node_modules\express\lib\router\route.js:149:13)[39m
[31m    at authMiddleware (D:\Projects\BrocamP\Projects\Personal Projects\21. Slotflow\Slotflow-Main-Backend\src\presentation\middleware\auth.middleware.ts:56:5)[39m
[31m    at process.processTicksAndRejections (node:internal/process/task_queues:105:5)[39m
[2026-01-06 18:23:23] [[31merror[39m]: [31mfetchServiceProviders failed[39m
[31m[[39m
[31m  {[39m
[31m    "code": "invalid_type",[39m
[31m    "expected": "number",[39m
[31m    "received": "string",[39m
[31m    "path": [[39m
[31m      "maxPrice"[39m
[31m    ],[39m
[31m    "message": "Expected number, received string"[39m
[31m  },[39m
[31m  {[39m
[31m    "code": "invalid_literal",[39m
[31m    "expected": "Point",[39m
[31m    "path": [[39m
[31m      "location",[39m
[31m      "type"[39m
[31m    ],[39m
[31m    "message": "Invalid literal value, expected \"Point\""[39m
[31m  },[39m
[31m  {[39m
[31m    "code": "invalid_type",[39m
[31m    "expected": "array",[39m
[31m    "received": "undefined",[39m
[31m    "path": [[39m
[31m      "location",[39m
[31m      "coordinates"[39m
[31m    ],[39m
[31m    "message": "Required"[39m
[31m  }[39m
[31m][39m
[31mZodError: [[39m
[31m  {[39m
[31m    "code": "invalid_type",[39m
[31m    "expected": "number",[39m
[31m    "received": "string",[39m
[31m    "path": [[39m
[31m      "maxPrice"[39m
[31m    ],[39m
[31m    "message": "Expected number, received string"[39m
[31m  },[39m
[31m  {[39m
[31m    "code": "invalid_literal",[39m
[31m    "expected": "Point",[39m
[31m    "path": [[39m
[31m      "location",[39m
[31m      "type"[39m
[31m    ],[39m
[31m    "message": "Invalid literal value, expected \"Point\""[39m
[31m  },[39m
[31m  {[39m
[31m    "code": "invalid_type",[39m
[31m    "expected": "array",[39m
[31m    "received": "undefined",[39m
[31m    "path": [[39m
[31m      "location",[39m
[31m      "coordinates"[39m
[31m    ],[39m
[31m    "message": "Required"[39m
[31m  }[39m
[31m][39m
[31m    at get error (file:///D:/Projects/BrocamP/Projects/Personal%20Projects/21.%20Slotflow/Slotflow-Main-Backend/node_modules/zod/lib/index.mjs:587:31)[39m
[31m    at ZodObject.parse (file:///D:/Projects/BrocamP/Projects/Personal%20Projects/21.%20Slotflow/Slotflow-Main-Backend/node_modules/zod/lib/index.mjs:663:22)[39m
[31m    at UserProviderController.fetchServiceProviders (D:\Projects\BrocamP\Projects\Personal Projects\21. Slotflow\Slotflow-Main-Backend\src\presentation\user\userProvider.controller.ts:30:66)[39m
[31m    at Layer.handle [as handle_request] (D:\Projects\BrocamP\Projects\Personal Projects\21. Slotflow\Slotflow-Main-Backend\node_modules\express\lib\router\layer.js:95:5)[39m
[31m    at next (D:\Projects\BrocamP\Projects\Personal Projects\21. Slotflow\Slotflow-Main-Backend\node_modules\express\lib\router\route.js:149:13)[39m
[31m    at authMiddleware (D:\Projects\BrocamP\Projects\Personal Projects\21. Slotflow\Slotflow-Main-Backend\src\presentation\middleware\auth.middleware.ts:56:5)[39m
[31m    at process.processTicksAndRejections (node:internal/process/task_queues:105:5)[39m
[2026-01-06 18:24:51] [[31merror[39m]: [31mfetchServiceProviders failed[39m
[31m[[39m
[31m  {[39m
[31m    "code": "invalid_type",[39m
[31m    "expected": "number",[39m
[31m    "received": "string",[39m
[31m    "path": [[39m
[31m      "maxPrice"[39m
[31m    ],[39m
[31m    "message": "Expected number, received string"[39m
[31m  },[39m
[31m  {[39m
[31m    "code": "invalid_type",[39m
[31m    "expected": "number",[39m
[31m    "received": "string",[39m
[31m    "path": [[39m
[31m      "location",[39m
[31m      "coordinates",[39m
[31m      0[39m
[31m    ],[39m
[31m    "message": "Expected number, received string"[39m
[31m  },[39m
[31m  {[39m
[31m    "code": "invalid_type",[39m
[31m    "expected": "number",[39m
[31m    "received": "string",[39m
[31m    "path": [[39m
[31m      "location",[39m
[31m      "coordinates",[39m
[31m      1[39m
[31m    ],[39m
[31m    "message": "Expected number, received string"[39m
[31m  }[39m
[31m][39m
[31mZodError: [[39m
[31m  {[39m
[31m    "code": "invalid_type",[39m
[31m    "expected": "number",[39m
[31m    "received": "string",[39m
[31m    "path": [[39m
[31m      "maxPrice"[39m
[31m    ],[39m
[31m    "message": "Expected number, received string"[39m
[31m  },[39m
[31m  {[39m
[31m    "code": "invalid_type",[39m
[31m    "expected": "number",[39m
[31m    "received": "string",[39m
[31m    "path": [[39m
[31m      "location",[39m
[31m      "coordinates",[39m
[31m      0[39m
[31m    ],[39m
[31m    "message": "Expected number, received string"[39m
[31m  },[39m
[31m  {[39m
[31m    "code": "invalid_type",[39m
[31m    "expected": "number",[39m
[31m    "received": "string",[39m
[31m    "path": [[39m
[31m      "location",[39m
[31m      "coordinates",[39m
[31m      1[39m
[31m    ],[39m
[31m    "message": "Expected number, received string"[39m
[31m  }[39m
[31m][39m
[31m    at get error (file:///D:/Projects/BrocamP/Projects/Personal%20Projects/21.%20Slotflow/Slotflow-Main-Backend/node_modules/zod/lib/index.mjs:587:31)[39m
[31m    at ZodObject.parse (file:///D:/Projects/BrocamP/Projects/Personal%20Projects/21.%20Slotflow/Slotflow-Main-Backend/node_modules/zod/lib/index.mjs:663:22)[39m
[31m    at UserProviderController.fetchServiceProviders (D:\Projects\BrocamP\Projects\Personal Projects\21. Slotflow\Slotflow-Main-Backend\src\presentation\user\userProvider.controller.ts:30:66)[39m
[31m    at Layer.handle [as handle_request] (D:\Projects\BrocamP\Projects\Personal Projects\21. Slotflow\Slotflow-Main-Backend\node_modules\express\lib\router\layer.js:95:5)[39m
[31m    at next (D:\Projects\BrocamP\Projects\Personal Projects\21. Slotflow\Slotflow-Main-Backend\node_modules\express\lib\router\route.js:149:13)[39m
[31m    at authMiddleware (D:\Projects\BrocamP\Projects\Personal Projects\21. Slotflow\Slotflow-Main-Backend\src\presentation\middleware\auth.middleware.ts:56:5)[39m
[31m    at process.processTicksAndRejections (node:internal/process/task_queues:105:5)[39m
[2026-01-06 18:26:30] [[31merror[39m]: [31mfetchServiceProviders failed[39m
[31m[[39m
[31m  {[39m
[31m    "code": "invalid_type",[39m
[31m    "expected": "number",[39m
[31m    "received": "string",[39m
[31m    "path": [[39m
[31m      "maxPrice"[39m
[31m    ],[39m
[31m    "message": "Expected number, received string"[39m
[31m  }[39m
[31m][39m
[31mZodError: [[39m
[31m  {[39m
[31m    "code": "invalid_type",[39m
[31m    "expected": "number",[39m
[31m    "received": "string",[39m
[31m    "path": [[39m
[31m      "maxPrice"[39m
[31m    ],[39m
[31m    "message": "Expected number, received string"[39m
[31m  }[39m
[31m][39m
[31m    at get error (file:///D:/Projects/BrocamP/Projects/Personal%20Projects/21.%20Slotflow/Slotflow-Main-Backend/node_modules/zod/lib/index.mjs:587:31)[39m
[31m    at ZodObject.parse (file:///D:/Projects/BrocamP/Projects/Personal%20Projects/21.%20Slotflow/Slotflow-Main-Backend/node_modules/zod/lib/index.mjs:663:22)[39m
[31m    at UserProviderController.fetchServiceProviders (D:\Projects\BrocamP\Projects\Personal Projects\21. Slotflow\Slotflow-Main-Backend\src\presentation\user\userProvider.controller.ts:30:66)[39m
[31m    at Layer.handle [as handle_request] (D:\Projects\BrocamP\Projects\Personal Projects\21. Slotflow\Slotflow-Main-Backend\node_modules\express\lib\router\layer.js:95:5)[39m
[31m    at next (D:\Projects\BrocamP\Projects\Personal Projects\21. Slotflow\Slotflow-Main-Backend\node_modules\express\lib\router\route.js:149:13)[39m
[31m    at authMiddleware (D:\Projects\BrocamP\Projects\Personal Projects\21. Slotflow\Slotflow-Main-Backend\src\presentation\middleware\auth.middleware.ts:56:5)[39m
[31m    at process.processTicksAndRejections (node:internal/process/task_queues:105:5)[39m
[2026-01-06 19:54:13] [[31merror[39m]: [31mfetchAllAppService failed[39m
[31m[[39m
[31m  {[39m
[31m    "code": "invalid_type",[39m
[31m    "expected": "array",[39m
[31m    "received": "object",[39m
[31m    "path": [[39m
[31m      "categories"[39m
[31m    ],[39m
[31m    "message": "Expected array, received object"[39m
[31m  }[39m
[31m][39m
[31mZodError: [[39m
[31m  {[39m
[31m    "code": "invalid_type",[39m
[31m    "expected": "array",[39m
[31m    "received": "object",[39m
[31m    "path": [[39m
[31m      "categories"[39m
[31m    ],[39m
[31m    "message": "Expected array, received object"[39m
[31m  }[39m
[31m][39m
[31m    at get error (file:///D:/Projects/BrocamP/Projects/Personal%20Projects/21.%20Slotflow/Slotflow-Main-Backend/node_modules/zod/lib/index.mjs:587:31)[39m
[31m    at ZodObject.parse (file:///D:/Projects/BrocamP/Projects/Personal%20Projects/21.%20Slotflow/Slotflow-Main-Backend/node_modules/zod/lib/index.mjs:663:22)[39m
[31m    at UserAppServiceController.fetchAllAppService (D:\Projects\BrocamP\Projects\Personal Projects\21. Slotflow\Slotflow-Main-Backend\src\presentation\user\userAppService.controller.ts:17:65)[39m
[31m    at Layer.handle [as handle_request] (D:\Projects\BrocamP\Projects\Personal Projects\21. Slotflow\Slotflow-Main-Backend\node_modules\express\lib\router\layer.js:95:5)[39m
[31m    at next (D:\Projects\BrocamP\Projects\Personal Projects\21. Slotflow\Slotflow-Main-Backend\node_modules\express\lib\router\route.js:149:13)[39m
[31m    at authMiddleware (D:\Projects\BrocamP\Projects\Personal Projects\21. Slotflow\Slotflow-Main-Backend\src\presentation\middleware\auth.middleware.ts:56:5)[39m
[31m    at process.processTicksAndRejections (node:internal/process/task_queues:105:5)[39m
[2026-01-06 19:54:15] [[31merror[39m]: [31mfetchAllAppService failed[39m
[31m[[39m
[31m  {[39m
[31m    "code": "invalid_type",[39m
[31m    "expected": "array",[39m
[31m    "received": "undefined",[39m
[31m    "path": [[39m
[31m      "categories"[39m
[31m    ],[39m
[31m    "message": "Required"[39m
[31m  }[39m
[31m][39m
[31mZodError: [[39m
[31m  {[39m
[31m    "code": "invalid_type",[39m
[31m    "expected": "array",[39m
[31m    "received": "undefined",[39m
[31m    "path": [[39m
[31m      "categories"[39m
[31m    ],[39m
[31m    "message": "Required"[39m
[31m  }[39m
[31m][39m
[31m    at get error (file:///D:/Projects/BrocamP/Projects/Personal%20Projects/21.%20Slotflow/Slotflow-Main-Backend/node_modules/zod/lib/index.mjs:587:31)[39m
[31m    at ZodObject.parse (file:///D:/Projects/BrocamP/Projects/Personal%20Projects/21.%20Slotflow/Slotflow-Main-Backend/node_modules/zod/lib/index.mjs:663:22)[39m
[31m    at UserAppServiceController.fetchAllAppService (D:\Projects\BrocamP\Projects\Personal Projects\21. Slotflow\Slotflow-Main-Backend\src\presentation\user\userAppService.controller.ts:17:65)[39m
[31m    at Layer.handle [as handle_request] (D:\Projects\BrocamP\Projects\Personal Projects\21. Slotflow\Slotflow-Main-Backend\node_modules\express\lib\router\layer.js:95:5)[39m
[31m    at next (D:\Projects\BrocamP\Projects\Personal Projects\21. Slotflow\Slotflow-Main-Backend\node_modules\express\lib\router\route.js:149:13)[39m
[31m    at authMiddleware (D:\Projects\BrocamP\Projects\Personal Projects\21. Slotflow\Slotflow-Main-Backend\src\presentation\middleware\auth.middleware.ts:56:5)[39m
[31m    at process.processTicksAndRejections (node:internal/process/task_queues:105:5)[39m
[2026-01-06 19:56:51] [[31merror[39m]: [31mfetchAllAppService failed[39m
[31m[[39m
[31m  {[39m
[31m    "code": "invalid_type",[39m
[31m    "expected": "array",[39m
[31m    "received": "undefined",[39m
[31m    "path": [[39m
[31m      "categories"[39m
[31m    ],[39m
[31m    "message": "Required"[39m
[31m  }[39m
[31m][39m
[31mZodError: [[39m
[31m  {[39m
[31m    "code": "invalid_type",[39m
[31m    "expected": "array",[39m
[31m    "received": "undefined",[39m
[31m    "path": [[39m
[31m      "categories"[39m
[31m    ],[39m
[31m    "message": "Required"[39m
[31m  }[39m
[31m][39m
[31m    at get error (file:///D:/Projects/BrocamP/Projects/Personal%20Projects/21.%20Slotflow/Slotflow-Main-Backend/node_modules/zod/lib/index.mjs:587:31)[39m
[31m    at ZodObject.parse (file:///D:/Projects/BrocamP/Projects/Personal%20Projects/21.%20Slotflow/Slotflow-Main-Backend/node_modules/zod/lib/index.mjs:663:22)[39m
[31m    at UserAppServiceController.fetchAllAppService (D:\Projects\BrocamP\Projects\Personal Projects\21. Slotflow\Slotflow-Main-Backend\src\presentation\user\userAppService.controller.ts:17:65)[39m
[31m    at Layer.handle [as handle_request] (D:\Projects\BrocamP\Projects\Personal Projects\21. Slotflow\Slotflow-Main-Backend\node_modules\express\lib\router\layer.js:95:5)[39m
[31m    at next (D:\Projects\BrocamP\Projects\Personal Projects\21. Slotflow\Slotflow-Main-Backend\node_modules\express\lib\router\route.js:149:13)[39m
[31m    at authMiddleware (D:\Projects\BrocamP\Projects\Personal Projects\21. Slotflow\Slotflow-Main-Backend\src\presentation\middleware\auth.middleware.ts:56:5)[39m
[31m    at process.processTicksAndRejections (node:internal/process/task_queues:105:5)[39m
[2026-01-06 21:25:36] [[31merror[39m]: [31mfetchAllAppService failed[39m
[31m[[39m
[31m  {[39m
[31m    "code": "invalid_type",[39m
[31m    "expected": "array",[39m
[31m    "received": "undefined",[39m
[31m    "path": [[39m
[31m      "categories"[39m
[31m    ],[39m
[31m    "message": "Required"[39m
[31m  }[39m
[31m][39m
[31mZodError: [[39m
[31m  {[39m
[31m    "code": "invalid_type",[39m
[31m    "expected": "array",[39m
[31m    "received": "undefined",[39m
[31m    "path": [[39m
[31m      "categories"[39m
[31m    ],[39m
[31m    "message": "Required"[39m
[31m  }[39m
[31m][39m
[31m    at get error (file:///D:/Projects/BrocamP/Projects/Personal%20Projects/21.%20Slotflow/Slotflow-Main-Backend/node_modules/zod/lib/index.mjs:587:31)[39m
[31m    at ZodObject.parse (file:///D:/Projects/BrocamP/Projects/Personal%20Projects/21.%20Slotflow/Slotflow-Main-Backend/node_modules/zod/lib/index.mjs:663:22)[39m
[31m    at UserAppServiceController.fetchAllAppService (D:\Projects\BrocamP\Projects\Personal Projects\21. Slotflow\Slotflow-Main-Backend\src\presentation\user\userAppService.controller.ts:17:65)[39m
[31m    at Layer.handle [as handle_request] (D:\Projects\BrocamP\Projects\Personal Projects\21. Slotflow\Slotflow-Main-Backend\node_modules\express\lib\router\layer.js:95:5)[39m
[31m    at next (D:\Projects\BrocamP\Projects\Personal Projects\21. Slotflow\Slotflow-Main-Backend\node_modules\express\lib\router\route.js:149:13)[39m
[31m    at authMiddleware (D:\Projects\BrocamP\Projects\Personal Projects\21. Slotflow\Slotflow-Main-Backend\src\presentation\middleware\auth.middleware.ts:56:5)[39m
[31m    at process.processTicksAndRejections (node:internal/process/task_queues:105:5)[39m
[2026-01-06 21:25:43] [[31merror[39m]: [31mfetchAllAppService failed[39m
[31m[[39m
[31m  {[39m
[31m    "code": "invalid_type",[39m
[31m    "expected": "array",[39m
[31m    "received": "undefined",[39m
[31m    "path": [[39m
[31m      "categories"[39m
[31m    ],[39m
[31m    "message": "Required"[39m
[31m  }[39m
[31m][39m
[31mZodError: [[39m
[31m  {[39m
[31m    "code": "invalid_type",[39m
[31m    "expected": "array",[39m
[31m    "received": "undefined",[39m
[31m    "path": [[39m
[31m      "categories"[39m
[31m    ],[39m
[31m    "message": "Required"[39m
[31m  }[39m
[31m][39m
[31m    at get error (file:///D:/Projects/BrocamP/Projects/Personal%20Projects/21.%20Slotflow/Slotflow-Main-Backend/node_modules/zod/lib/index.mjs:587:31)[39m
[31m    at ZodObject.parse (file:///D:/Projects/BrocamP/Projects/Personal%20Projects/21.%20Slotflow/Slotflow-Main-Backend/node_modules/zod/lib/index.mjs:663:22)[39m
[31m    at UserAppServiceController.fetchAllAppService (D:\Projects\BrocamP\Projects\Personal Projects\21. Slotflow\Slotflow-Main-Backend\src\presentation\user\userAppService.controller.ts:17:65)[39m
[31m    at Layer.handle [as handle_request] (D:\Projects\BrocamP\Projects\Personal Projects\21. Slotflow\Slotflow-Main-Backend\node_modules\express\lib\router\layer.js:95:5)[39m
[31m    at next (D:\Projects\BrocamP\Projects\Personal Projects\21. Slotflow\Slotflow-Main-Backend\node_modules\express\lib\router\route.js:149:13)[39m
[31m    at authMiddleware (D:\Projects\BrocamP\Projects\Personal Projects\21. Slotflow\Slotflow-Main-Backend\src\presentation\middleware\auth.middleware.ts:56:5)[39m
[31m    at process.processTicksAndRejections (node:internal/process/task_queues:105:5)[39m
[2026-01-06 21:25:49] [[31merror[39m]: [31mfetchAllAppService failed[39m
[31m[[39m
[31m  {[39m
[31m    "code": "invalid_type",[39m
[31m    "expected": "array",[39m
[31m    "received": "undefined",[39m
[31m    "path": [[39m
[31m      "categories"[39m
[31m    ],[39m
[31m    "message": "Required"[39m
[31m  }[39m
[31m][39m
[31mZodError: [[39m
[31m  {[39m
[31m    "code": "invalid_type",[39m
[31m    "expected": "array",[39m
[31m    "received": "undefined",[39m
[31m    "path": [[39m
[31m      "categories"[39m
[31m    ],[39m
[31m    "message": "Required"[39m
[31m  }[39m
[31m][39m
[31m    at get error (file:///D:/Projects/BrocamP/Projects/Personal%20Projects/21.%20Slotflow/Slotflow-Main-Backend/node_modules/zod/lib/index.mjs:587:31)[39m
[31m    at ZodObject.parse (file:///D:/Projects/BrocamP/Projects/Personal%20Projects/21.%20Slotflow/Slotflow-Main-Backend/node_modules/zod/lib/index.mjs:663:22)[39m
[31m    at UserAppServiceController.fetchAllAppService (D:\Projects\BrocamP\Projects\Personal Projects\21. Slotflow\Slotflow-Main-Backend\src\presentation\user\userAppService.controller.ts:17:65)[39m
[31m    at Layer.handle [as handle_request] (D:\Projects\BrocamP\Projects\Personal Projects\21. Slotflow\Slotflow-Main-Backend\node_modules\express\lib\router\layer.js:95:5)[39m
[31m    at next (D:\Projects\BrocamP\Projects\Personal Projects\21. Slotflow\Slotflow-Main-Backend\node_modules\express\lib\router\route.js:149:13)[39m
[31m    at authMiddleware (D:\Projects\BrocamP\Projects\Personal Projects\21. Slotflow\Slotflow-Main-Backend\src\presentation\middleware\auth.middleware.ts:56:5)[39m
[31m    at process.processTicksAndRejections (node:internal/process/task_queues:105:5)[39m
[2026-01-07 03:33:57] [[31merror[39m]: [31mfetchAllAppService failed[39m
[31m[[39m
[31m  {[39m
[31m    "code": "invalid_type",[39m
[31m    "expected": "array",[39m
[31m    "received": "undefined",[39m
[31m    "path": [[39m
[31m      "categories"[39m
[31m    ],[39m
[31m    "message": "Required"[39m
[31m  }[39m
[31m][39m
[31mZodError: [[39m
[31m  {[39m
[31m    "code": "invalid_type",[39m
[31m    "expected": "array",[39m
[31m    "received": "undefined",[39m
[31m    "path": [[39m
[31m      "categories"[39m
[31m    ],[39m
[31m    "message": "Required"[39m
[31m  }[39m
[31m][39m
[31m    at get error (file:///D:/Projects/BrocamP/Projects/Personal%20Projects/21.%20Slotflow/Slotflow-Main-Backend/node_modules/zod/lib/index.mjs:587:31)[39m
[31m    at ZodObject.parse (file:///D:/Projects/BrocamP/Projects/Personal%20Projects/21.%20Slotflow/Slotflow-Main-Backend/node_modules/zod/lib/index.mjs:663:22)[39m
[31m    at UserAppServiceController.fetchAllAppService (D:\Projects\BrocamP\Projects\Personal Projects\21. Slotflow\Slotflow-Main-Backend\src\presentation\user\userAppService.controller.ts:17:65)[39m
[31m    at Layer.handle [as handle_request] (D:\Projects\BrocamP\Projects\Personal Projects\21. Slotflow\Slotflow-Main-Backend\node_modules\express\lib\router\layer.js:95:5)[39m
[31m    at next (D:\Projects\BrocamP\Projects\Personal Projects\21. Slotflow\Slotflow-Main-Backend\node_modules\express\lib\router\route.js:149:13)[39m
[31m    at authMiddleware (D:\Projects\BrocamP\Projects\Personal Projects\21. Slotflow\Slotflow-Main-Backend\src\presentation\middleware\auth.middleware.ts:56:5)[39m
[31m    at process.processTicksAndRejections (node:internal/process/task_queues:105:5)[39m
[2026-01-07 03:34:29] [[31merror[39m]: [31mfetchAllAppService failed[39m
[31m[[39m
[31m  {[39m
[31m    "code": "invalid_type",[39m
[31m    "expected": "array",[39m
[31m    "received": "undefined",[39m
[31m    "path": [[39m
[31m      "categories"[39m
[31m    ],[39m
[31m    "message": "Required"[39m
[31m  }[39m
[31m][39m
[31mZodError: [[39m
[31m  {[39m
[31m    "code": "invalid_type",[39m
[31m    "expected": "array",[39m
[31m    "received": "undefined",[39m
[31m    "path": [[39m
[31m      "categories"[39m
[31m    ],[39m
[31m    "message": "Required"[39m
[31m  }[39m
[31m][39m
[31m    at get error (file:///D:/Projects/BrocamP/Projects/Personal%20Projects/21.%20Slotflow/Slotflow-Main-Backend/node_modules/zod/lib/index.mjs:587:31)[39m
[31m    at ZodObject.parse (file:///D:/Projects/BrocamP/Projects/Personal%20Projects/21.%20Slotflow/Slotflow-Main-Backend/node_modules/zod/lib/index.mjs:663:22)[39m
[31m    at UserAppServiceController.fetchAllAppService (D:\Projects\BrocamP\Projects\Personal Projects\21. Slotflow\Slotflow-Main-Backend\src\presentation\user\userAppService.controller.ts:17:65)[39m
[31m    at Layer.handle [as handle_request] (D:\Projects\BrocamP\Projects\Personal Projects\21. Slotflow\Slotflow-Main-Backend\node_modules\express\lib\router\layer.js:95:5)[39m
[31m    at next (D:\Projects\BrocamP\Projects\Personal Projects\21. Slotflow\Slotflow-Main-Backend\node_modules\express\lib\router\route.js:149:13)[39m
[31m    at authMiddleware (D:\Projects\BrocamP\Projects\Personal Projects\21. Slotflow\Slotflow-Main-Backend\src\presentation\middleware\auth.middleware.ts:56:5)[39m
[31m    at process.processTicksAndRejections (node:internal/process/task_queues:105:5)[39m
[2026-01-07 03:34:32] [[31merror[39m]: [31mfetchAllAppService failed[39m
[31m[[39m
[31m  {[39m
[31m    "code": "invalid_type",[39m
[31m    "expected": "array",[39m
[31m    "received": "undefined",[39m
[31m    "path": [[39m
[31m      "categories"[39m
[31m    ],[39m
[31m    "message": "Required"[39m
[31m  }[39m
[31m][39m
[31mZodError: [[39m
[31m  {[39m
[31m    "code": "invalid_type",[39m
[31m    "expected": "array",[39m
[31m    "received": "undefined",[39m
[31m    "path": [[39m
[31m      "categories"[39m
[31m    ],[39m
[31m    "message": "Required"[39m
[31m  }[39m
[31m][39m
[31m    at get error (file:///D:/Projects/BrocamP/Projects/Personal%20Projects/21.%20Slotflow/Slotflow-Main-Backend/node_modules/zod/lib/index.mjs:587:31)[39m
[31m    at ZodObject.parse (file:///D:/Projects/BrocamP/Projects/Personal%20Projects/21.%20Slotflow/Slotflow-Main-Backend/node_modules/zod/lib/index.mjs:663:22)[39m
[31m    at UserAppServiceController.fetchAllAppService (D:\Projects\BrocamP\Projects\Personal Projects\21. Slotflow\Slotflow-Main-Backend\src\presentation\user\userAppService.controller.ts:17:65)[39m
[31m    at Layer.handle [as handle_request] (D:\Projects\BrocamP\Projects\Personal Projects\21. Slotflow\Slotflow-Main-Backend\node_modules\express\lib\router\layer.js:95:5)[39m
[31m    at next (D:\Projects\BrocamP\Projects\Personal Projects\21. Slotflow\Slotflow-Main-Backend\node_modules\express\lib\router\route.js:149:13)[39m
[31m    at authMiddleware (D:\Projects\BrocamP\Projects\Personal Projects\21. Slotflow\Slotflow-Main-Backend\src\presentation\middleware\auth.middleware.ts:56:5)[39m
[31m    at process.processTicksAndRejections (node:internal/process/task_queues:105:5)[39m
[2026-01-07 03:34:35] [[31merror[39m]: [31mfetchAllAppService failed[39m
[31m[[39m
[31m  {[39m
[31m    "code": "invalid_type",[39m
[31m    "expected": "array",[39m
[31m    "received": "undefined",[39m
[31m    "path": [[39m
[31m      "categories"[39m
[31m    ],[39m
[31m    "message": "Required"[39m
[31m  }[39m
[31m][39m
[31mZodError: [[39m
[31m  {[39m
[31m    "code": "invalid_type",[39m
[31m    "expected": "array",[39m
[31m    "received": "undefined",[39m
[31m    "path": [[39m
[31m      "categories"[39m
[31m    ],[39m
[31m    "message": "Required"[39m
[31m  }[39m
[31m][39m
[31m    at get error (file:///D:/Projects/BrocamP/Projects/Personal%20Projects/21.%20Slotflow/Slotflow-Main-Backend/node_modules/zod/lib/index.mjs:587:31)[39m
[31m    at ZodObject.parse (file:///D:/Projects/BrocamP/Projects/Personal%20Projects/21.%20Slotflow/Slotflow-Main-Backend/node_modules/zod/lib/index.mjs:663:22)[39m
[31m    at UserAppServiceController.fetchAllAppService (D:\Projects\BrocamP\Projects\Personal Projects\21. Slotflow\Slotflow-Main-Backend\src\presentation\user\userAppService.controller.ts:17:65)[39m
[31m    at Layer.handle [as handle_request] (D:\Projects\BrocamP\Projects\Personal Projects\21. Slotflow\Slotflow-Main-Backend\node_modules\express\lib\router\layer.js:95:5)[39m
[31m    at next (D:\Projects\BrocamP\Projects\Personal Projects\21. Slotflow\Slotflow-Main-Backend\node_modules\express\lib\router\route.js:149:13)[39m
[31m    at authMiddleware (D:\Projects\BrocamP\Projects\Personal Projects\21. Slotflow\Slotflow-Main-Backend\src\presentation\middleware\auth.middleware.ts:56:5)[39m
[31m    at process.processTicksAndRejections (node:internal/process/task_queues:105:5)[39m
[2026-01-07 03:35:21] [[31merror[39m]: [31mfetchAllAppService failed[39m
[31m[[39m
[31m  {[39m
[31m    "code": "invalid_type",[39m
[31m    "expected": "array",[39m
[31m    "received": "undefined",[39m
[31m    "path": [[39m
[31m      "categories"[39m
[31m    ],[39m
[31m    "message": "Required"[39m
[31m  }[39m
[31m][39m
[31mZodError: [[39m
[31m  {[39m
[31m    "code": "invalid_type",[39m
[31m    "expected": "array",[39m
[31m    "received": "undefined",[39m
[31m    "path": [[39m
[31m      "categories"[39m
[31m    ],[39m
[31m    "message": "Required"[39m
[31m  }[39m
[31m][39m
[31m    at get error (file:///D:/Projects/BrocamP/Projects/Personal%20Projects/21.%20Slotflow/Slotflow-Main-Backend/node_modules/zod/lib/index.mjs:587:31)[39m
[31m    at ZodObject.parse (file:///D:/Projects/BrocamP/Projects/Personal%20Projects/21.%20Slotflow/Slotflow-Main-Backend/node_modules/zod/lib/index.mjs:663:22)[39m
[31m    at UserAppServiceController.fetchAllAppService (D:\Projects\BrocamP\Projects\Personal Projects\21. Slotflow\Slotflow-Main-Backend\src\presentation\user\userAppService.controller.ts:17:65)[39m
[31m    at Layer.handle [as handle_request] (D:\Projects\BrocamP\Projects\Personal Projects\21. Slotflow\Slotflow-Main-Backend\node_modules\express\lib\router\layer.js:95:5)[39m
[31m    at next (D:\Projects\BrocamP\Projects\Personal Projects\21. Slotflow\Slotflow-Main-Backend\node_modules\express\lib\router\route.js:149:13)[39m
[31m    at authMiddleware (D:\Projects\BrocamP\Projects\Personal Projects\21. Slotflow\Slotflow-Main-Backend\src\presentation\middleware\auth.middleware.ts:56:5)[39m
[31m    at process.processTicksAndRejections (node:internal/process/task_queues:105:5)[39m
[2026-01-07 04:08:09] [[31merror[39m]: [31mGoogleAuthOrchestratorUseCase failed : [39m
[31mCannot read properties of undefined (reading 'send')[39m
[31mTypeError: Cannot read properties of undefined (reading 'send')[39m
[31m    at GoogleAuthOrchestratorUseCase.execute (D:\Projects\BrocamP\Projects\Personal Projects\21. Slotflow\Slotflow-Main-Backend\src\application\useCases\auth\googleAuthOrchestrate.useCase.ts:166:37)[39m
[31m    at process.processTicksAndRejections (node:internal/process/task_queues:105:5)[39m
[31m    at async <anonymous> (D:\Projects\BrocamP\Projects\Personal Projects\21. Slotflow\Slotflow-Main-Backend\src\presentation\auth\googleAuth.controller.ts:73:54)[39m
[2026-01-07 04:55:41] [[31merror[39m]: [31msubscribe failed[39m
[31m[[39m
[31m  {[39m
[31m    "expected": "'1 Month' | '3 Months' | '6 Months' | '12 Months'",[39m
[31m    "received": "number",[39m
[31m    "code": "invalid_type",[39m
[31m    "path": [[39m
[31m      "planDuration"[39m
[31m    ],[39m
[31m    "message": "Expected '1 Month' | '3 Months' | '6 Months' | '12 Months', received number"[39m
[31m  }[39m
[31m][39m
[31mZodError: [[39m
[31m  {[39m
[31m    "expected": "'1 Month' | '3 Months' | '6 Months' | '12 Months'",[39m
[31m    "received": "number",[39m
[31m    "code": "invalid_type",[39m
[31m    "path": [[39m
[31m      "planDuration"[39m
[31m    ],[39m
[31m    "message": "Expected '1 Month' | '3 Months' | '6 Months' | '12 Months', received number"[39m
[31m  }[39m
[31m][39m
[31m    at get error (file:///D:/Projects/BrocamP/Projects/Personal%20Projects/21.%20Slotflow/Slotflow-Main-Backend/node_modules/zod/lib/index.mjs:587:31)[39m
[31m    at ZodObject.parse (file:///D:/Projects/BrocamP/Projects/Personal%20Projects/21.%20Slotflow/Slotflow-Main-Backend/node_modules/zod/lib/index.mjs:663:22)[39m
[31m    at ProviderSubscriptionController.subscribe (D:\Projects\BrocamP\Projects\Personal Projects\21. Slotflow\Slotflow-Main-Backend\src\presentation\provider\providerSubscription.controller.ts:31:77)[39m
[31m    at Layer.handle [as handle_request] (D:\Projects\BrocamP\Projects\Personal Projects\21. Slotflow\Slotflow-Main-Backend\node_modules\express\lib\router\layer.js:95:5)[39m
[31m    at next (D:\Projects\BrocamP\Projects\Personal Projects\21. Slotflow\Slotflow-Main-Backend\node_modules\express\lib\router\route.js:149:13)[39m
[31m    at authMiddleware (D:\Projects\BrocamP\Projects\Personal Projects\21. Slotflow\Slotflow-Main-Backend\src\presentation\middleware\auth.middleware.ts:56:5)[39m
[31m    at process.processTicksAndRejections (node:internal/process/task_queues:105:5)[39m
[2026-01-07 15:22:45] [[31merror[39m]: [31msubscribe failed[39m
[31m[[39m
[31m  {[39m
[31m    "expected": "'1 Month' | '3 Months' | '6 Months' | '12 Months'",[39m
[31m    "received": "number",[39m
[31m    "code": "invalid_type",[39m
[31m    "path": [[39m
[31m      "planDuration"[39m
[31m    ],[39m
[31m    "message": "Expected '1 Month' | '3 Months' | '6 Months' | '12 Months', received number"[39m
[31m  }[39m
[31m][39m
[31mZodError: [[39m
[31m  {[39m
[31m    "expected": "'1 Month' | '3 Months' | '6 Months' | '12 Months'",[39m
[31m    "received": "number",[39m
[31m    "code": "invalid_type",[39m
[31m    "path": [[39m
[31m      "planDuration"[39m
[31m    ],[39m
[31m    "message": "Expected '1 Month' | '3 Months' | '6 Months' | '12 Months', received number"[39m
[31m  }[39m
[31m][39m
[31m    at get error (file:///D:/Projects/BrocamP/Projects/Personal%20Projects/21.%20Slotflow/Slotflow-Main-Backend/node_modules/zod/lib/index.mjs:587:31)[39m
[31m    at ZodObject.parse (file:///D:/Projects/BrocamP/Projects/Personal%20Projects/21.%20Slotflow/Slotflow-Main-Backend/node_modules/zod/lib/index.mjs:663:22)[39m
[31m    at ProviderSubscriptionController.subscribe (D:\Projects\BrocamP\Projects\Personal Projects\21. Slotflow\Slotflow-Main-Backend\src\presentation\provider\providerSubscription.controller.ts:31:77)[39m
[31m    at Layer.handle [as handle_request] (D:\Projects\BrocamP\Projects\Personal Projects\21. Slotflow\Slotflow-Main-Backend\node_modules\express\lib\router\layer.js:95:5)[39m
[31m    at next (D:\Projects\BrocamP\Projects\Personal Projects\21. Slotflow\Slotflow-Main-Backend\node_modules\express\lib\router\route.js:149:13)[39m
[31m    at authMiddleware (D:\Projects\BrocamP\Projects\Personal Projects\21. Slotflow\Slotflow-Main-Backend\src\presentation\middleware\auth.middleware.ts:56:5)[39m
[31m    at process.processTicksAndRejections (node:internal/process/task_queues:105:5)[39m
[2026-01-07 18:54:59] [[31merror[39m]: [31mGoogleAuthOrchestratorUseCase failed : [39m
[31mInvalid connect flow[39m
[31mError: Invalid connect flow[39m
[31m    at GoogleAuthOrchestratorUseCase.execute (D:\Projects\BrocamP\Projects\Personal Projects\21. Slotflow\Slotflow-Main-Backend\src\application\useCases\auth\googleAuthOrchestrate.useCase.ts:93:27)[39m
[31m    at <anonymous> (D:\Projects\BrocamP\Projects\Personal Projects\21. Slotflow\Slotflow-Main-Backend\src\presentation\auth\googleAuth.controller.ts:71:95)[39m
[31m    at strategy.success (D:\Projects\BrocamP\Projects\Personal Projects\21. Slotflow\Slotflow-Main-Backend\node_modules\passport\lib\middleware\authenticate.js:222:18)[39m
[31m    at verified (D:\Projects\BrocamP\Projects\Personal Projects\21. Slotflow\Slotflow-Main-Backend\node_modules\passport-oauth2\lib\strategy.js:189:20)[39m
[31m    at Strategy._verify (D:\Projects\BrocamP\Projects\Personal Projects\21. Slotflow\Slotflow-Main-Backend\src\infrastructure\passport\google.strategy.ts:24:20)[39m
[31m    at D:\Projects\BrocamP\Projects\Personal Projects\21. Slotflow\Slotflow-Main-Backend\node_modules\passport-oauth2\lib\strategy.js:198:24[39m
[31m    at D:\Projects\BrocamP\Projects\Personal Projects\21. Slotflow\Slotflow-Main-Backend\node_modules\passport-google-oauth20\lib\strategy.js:122:5[39m
[31m    at passBackControl (D:\Projects\BrocamP\Projects\Personal Projects\21. Slotflow\Slotflow-Main-Backend\node_modules\oauth\lib\oauth2.js:134:9)[39m
[31m    at IncomingMessage.<anonymous> (D:\Projects\BrocamP\Projects\Personal Projects\21. Slotflow\Slotflow-Main-Backend\node_modules\oauth\lib\oauth2.js:157:7)[39m
[31m    at IncomingMessage.emit (node:events:531:35)[39m
[2026-01-07 19:02:53] [[31merror[39m]: [31mGoogleAuthOrchestratorUseCase failed : [39m
[31mInvalid connect flow[39m
[31mError: Invalid connect flow[39m
[31m    at GoogleAuthOrchestratorUseCase.execute (D:\Projects\BrocamP\Projects\Personal Projects\21. Slotflow\Slotflow-Main-Backend\src\application\useCases\auth\googleAuthOrchestrate.useCase.ts:95:27)[39m
[31m    at <anonymous> (D:\Projects\BrocamP\Projects\Personal Projects\21. Slotflow\Slotflow-Main-Backend\src\presentation\auth\googleAuth.controller.ts:70:95)[39m
[31m    at strategy.success (D:\Projects\BrocamP\Projects\Personal Projects\21. Slotflow\Slotflow-Main-Backend\node_modules\passport\lib\middleware\authenticate.js:222:18)[39m
[31m    at verified (D:\Projects\BrocamP\Projects\Personal Projects\21. Slotflow\Slotflow-Main-Backend\node_modules\passport-oauth2\lib\strategy.js:189:20)[39m
[31m    at Strategy._verify (D:\Projects\BrocamP\Projects\Personal Projects\21. Slotflow\Slotflow-Main-Backend\src\infrastructure\passport\google.strategy.ts:24:20)[39m
[31m    at D:\Projects\BrocamP\Projects\Personal Projects\21. Slotflow\Slotflow-Main-Backend\node_modules\passport-oauth2\lib\strategy.js:198:24[39m
[31m    at D:\Projects\BrocamP\Projects\Personal Projects\21. Slotflow\Slotflow-Main-Backend\node_modules\passport-google-oauth20\lib\strategy.js:122:5[39m
[31m    at passBackControl (D:\Projects\BrocamP\Projects\Personal Projects\21. Slotflow\Slotflow-Main-Backend\node_modules\oauth\lib\oauth2.js:134:9)[39m
[31m    at IncomingMessage.<anonymous> (D:\Projects\BrocamP\Projects\Personal Projects\21. Slotflow\Slotflow-Main-Backend\node_modules\oauth\lib\oauth2.js:157:7)[39m
[31m    at IncomingMessage.emit (node:events:531:35)[39m
[2026-01-07 19:58:48] [[31merror[39m]: [31mFethGoogleCalendarUseCase failed[39m
[31mCredential not found[39m
[31mError: Credential not found[39m
[31m    at FethGoogleCalendarUseCase.execute (D:\Projects\BrocamP\Projects\Personal Projects\21. Slotflow\Slotflow-Main-Backend\src\application\useCases\common\fetchGoogleCalendar.useCase.ts:18:19)[39m
[31m    at process.processTicksAndRejections (node:internal/process/task_queues:105:5)[39m
[31m    at async GoogleController.getUserEvents (D:\Projects\BrocamP\Projects\Personal Projects\21. Slotflow\Slotflow-Main-Backend\src\presentation\google\google.controller.ts:22:28)[39m
[2026-01-07 19:58:48] [[31merror[39m]: [31mgetUserEvents failed[39m
[31mCalendar events fetching failed[39m
[31mError: Calendar events fetching failed[39m
[31m    at FethGoogleCalendarUseCase.execute (D:\Projects\BrocamP\Projects\Personal Projects\21. Slotflow\Slotflow-Main-Backend\src\application\useCases\common\fetchGoogleCalendar.useCase.ts:42:19)[39m
[31m    at process.processTicksAndRejections (node:internal/process/task_queues:105:5)[39m
[31m    at async GoogleController.getUserEvents (D:\Projects\BrocamP\Projects\Personal Projects\21. Slotflow\Slotflow-Main-Backend\src\presentation\google\google.controller.ts:22:28)[39m
[2026-01-07 19:58:49] [[31merror[39m]: [31mFethGoogleCalendarUseCase failed[39m
[31mCredential not found[39m
[31mError: Credential not found[39m
[31m    at FethGoogleCalendarUseCase.execute (D:\Projects\BrocamP\Projects\Personal Projects\21. Slotflow\Slotflow-Main-Backend\src\application\useCases\common\fetchGoogleCalendar.useCase.ts:18:19)[39m
[31m    at process.processTicksAndRejections (node:internal/process/task_queues:105:5)[39m
[31m    at async GoogleController.getUserEvents (D:\Projects\BrocamP\Projects\Personal Projects\21. Slotflow\Slotflow-Main-Backend\src\presentation\google\google.controller.ts:22:28)[39m
[2026-01-07 19:58:49] [[31merror[39m]: [31mgetUserEvents failed[39m
[31mCalendar events fetching failed[39m
[31mError: Calendar events fetching failed[39m
[31m    at FethGoogleCalendarUseCase.execute (D:\Projects\BrocamP\Projects\Personal Projects\21. Slotflow\Slotflow-Main-Backend\src\application\useCases\common\fetchGoogleCalendar.useCase.ts:42:19)[39m
[31m    at process.processTicksAndRejections (node:internal/process/task_queues:105:5)[39m
[31m    at async GoogleController.getUserEvents (D:\Projects\BrocamP\Projects\Personal Projects\21. Slotflow\Slotflow-Main-Backend\src\presentation\google\google.controller.ts:22:28)[39m
[2026-01-07 19:58:51] [[31merror[39m]: [31mFethGoogleCalendarUseCase failed[39m
[31mCredential not found[39m
[31mError: Credential not found[39m
[31m    at FethGoogleCalendarUseCase.execute (D:\Projects\BrocamP\Projects\Personal Projects\21. Slotflow\Slotflow-Main-Backend\src\application\useCases\common\fetchGoogleCalendar.useCase.ts:18:19)[39m
[31m    at process.processTicksAndRejections (node:internal/process/task_queues:105:5)[39m
[31m    at async GoogleController.getUserEvents (D:\Projects\BrocamP\Projects\Personal Projects\21. Slotflow\Slotflow-Main-Backend\src\presentation\google\google.controller.ts:22:28)[39m
[2026-01-07 19:58:51] [[31merror[39m]: [31mgetUserEvents failed[39m
[31mCalendar events fetching failed[39m
[31mError: Calendar events fetching failed[39m
[31m    at FethGoogleCalendarUseCase.execute (D:\Projects\BrocamP\Projects\Personal Projects\21. Slotflow\Slotflow-Main-Backend\src\application\useCases\common\fetchGoogleCalendar.useCase.ts:42:19)[39m
[31m    at process.processTicksAndRejections (node:internal/process/task_queues:105:5)[39m
[31m    at async GoogleController.getUserEvents (D:\Projects\BrocamP\Projects\Personal Projects\21. Slotflow\Slotflow-Main-Backend\src\presentation\google\google.controller.ts:22:28)[39m
[2026-01-07 20:03:11] [[31merror[39m]: [31mFethGoogleCalendarUseCase failed[39m
[31mCredential not found[39m
[31mError: Credential not found[39m
[31m    at FethGoogleCalendarUseCase.execute (D:\Projects\BrocamP\Projects\Personal Projects\21. Slotflow\Slotflow-Main-Backend\src\application\useCases\common\fetchGoogleCalendar.useCase.ts:20:23)[39m
[31m    at process.processTicksAndRejections (node:internal/process/task_queues:105:5)[39m
[31m    at async GoogleController.getUserEvents (D:\Projects\BrocamP\Projects\Personal Projects\21. Slotflow\Slotflow-Main-Backend\src\presentation\google\google.controller.ts:22:28)[39m
[2026-01-07 20:03:11] [[31merror[39m]: [31mgetUserEvents failed[39m
[31mCredential not found[39m
[31mError: Credential not found[39m
[31m    at FethGoogleCalendarUseCase.execute (D:\Projects\BrocamP\Projects\Personal Projects\21. Slotflow\Slotflow-Main-Backend\src\application\useCases\common\fetchGoogleCalendar.useCase.ts:20:23)[39m
[31m    at process.processTicksAndRejections (node:internal/process/task_queues:105:5)[39m
[31m    at async GoogleController.getUserEvents (D:\Projects\BrocamP\Projects\Personal Projects\21. Slotflow\Slotflow-Main-Backend\src\presentation\google\google.controller.ts:22:28)[39m
[2026-01-07 20:05:23] [[31merror[39m]: [31mFethGoogleCalendarUseCase failed[39m
[31mRequest had invalid authentication credentials. Expected OAuth 2 access token, login cookie or other valid authentication credential. See https://developers.google.com/identity/sign-in/web/devconsole-project.[39m
[31mError: Request had invalid authentication credentials. Expected OAuth 2 access token, login cookie or other valid authentication credential. See https://developers.google.com/identity/sign-in/web/devconsole-project.[39m
[31m    at Gaxios._request (D:\Projects\BrocamP\Projects\Personal Projects\21. Slotflow\Slotflow-Main-Backend\node_modules\gaxios\src\gaxios.ts:211:15)[39m
[31m    at process.processTicksAndRejections (node:internal/process/task_queues:105:5)[39m
[31m    at async OAuth2Client.requestAsync (D:\Projects\BrocamP\Projects\Personal Projects\21. Slotflow\Slotflow-Main-Backend\node_modules\google-auth-library\build\src\auth\oauth2client.js:463:20)[39m
[31m    at async createAPIRequestAsync (D:\Projects\BrocamP\Projects\Personal Projects\21. Slotflow\Slotflow-Main-Backend\node_modules\googleapis-common\build\src\apirequest.js:308:25)[39m
[31m    at async GoogleCalendarGatewayServiceImpl.fetchEvents (D:\Projects\BrocamP\Projects\Personal Projects\21. Slotflow\Slotflow-Main-Backend\src\infrastructure\services\googleCalendarGatewayService.impl.ts:114:26)[39m
[31m    at async FethGoogleCalendarUseCase.execute (D:\Projects\BrocamP\Projects\Personal Projects\21. Slotflow\Slotflow-Main-Backend\src\application\useCases\common\fetchGoogleCalendar.useCase.ts:27:28)[39m
[31m    at async GoogleController.getUserEvents (D:\Projects\BrocamP\Projects\Personal Projects\21. Slotflow\Slotflow-Main-Backend\src\presentation\google\google.controller.ts:22:28)[39m
[2026-01-07 20:05:23] [[31merror[39m]: [31mgetUserEvents failed[39m
[31mRequest had invalid authentication credentials. Expected OAuth 2 access token, login cookie or other valid authentication credential. See https://developers.google.com/identity/sign-in/web/devconsole-project.[39m
[31mError: Request had invalid authentication credentials. Expected OAuth 2 access token, login cookie or other valid authentication credential. See https://developers.google.com/identity/sign-in/web/devconsole-project.[39m
[31m    at Gaxios._request (D:\Projects\BrocamP\Projects\Personal Projects\21. Slotflow\Slotflow-Main-Backend\node_modules\gaxios\src\gaxios.ts:211:15)[39m
[31m    at process.processTicksAndRejections (node:internal/process/task_queues:105:5)[39m
[31m    at async OAuth2Client.requestAsync (D:\Projects\BrocamP\Projects\Personal Projects\21. Slotflow\Slotflow-Main-Backend\node_modules\google-auth-library\build\src\auth\oauth2client.js:463:20)[39m
[31m    at async createAPIRequestAsync (D:\Projects\BrocamP\Projects\Personal Projects\21. Slotflow\Slotflow-Main-Backend\node_modules\googleapis-common\build\src\apirequest.js:308:25)[39m
[31m    at async GoogleCalendarGatewayServiceImpl.fetchEvents (D:\Projects\BrocamP\Projects\Personal Projects\21. Slotflow\Slotflow-Main-Backend\src\infrastructure\services\googleCalendarGatewayService.impl.ts:114:26)[39m
[31m    at async FethGoogleCalendarUseCase.execute (D:\Projects\BrocamP\Projects\Personal Projects\21. Slotflow\Slotflow-Main-Backend\src\application\useCases\common\fetchGoogleCalendar.useCase.ts:27:28)[39m
[31m    at async GoogleController.getUserEvents (D:\Projects\BrocamP\Projects\Personal Projects\21. Slotflow\Slotflow-Main-Backend\src\presentation\google\google.controller.ts:22:28)[39m
[2026-01-07 20:05:24] [[31merror[39m]: [31mFethGoogleCalendarUseCase failed[39m
[31mRequest had invalid authentication credentials. Expected OAuth 2 access token, login cookie or other valid authentication credential. See https://developers.google.com/identity/sign-in/web/devconsole-project.[39m
[31mError: Request had invalid authentication credentials. Expected OAuth 2 access token, login cookie or other valid authentication credential. See https://developers.google.com/identity/sign-in/web/devconsole-project.[39m
[31m    at Gaxios._request (D:\Projects\BrocamP\Projects\Personal Projects\21. Slotflow\Slotflow-Main-Backend\node_modules\gaxios\src\gaxios.ts:211:15)[39m
[31m    at process.processTicksAndRejections (node:internal/process/task_queues:105:5)[39m
[31m    at async OAuth2Client.requestAsync (D:\Projects\BrocamP\Projects\Personal Projects\21. Slotflow\Slotflow-Main-Backend\node_modules\google-auth-library\build\src\auth\oauth2client.js:463:20)[39m
[31m    at async createAPIRequestAsync (D:\Projects\BrocamP\Projects\Personal Projects\21. Slotflow\Slotflow-Main-Backend\node_modules\googleapis-common\build\src\apirequest.js:308:25)[39m
[31m    at async GoogleCalendarGatewayServiceImpl.fetchEvents (D:\Projects\BrocamP\Projects\Personal Projects\21. Slotflow\Slotflow-Main-Backend\src\infrastructure\services\googleCalendarGatewayService.impl.ts:114:26)[39m
[31m    at async FethGoogleCalendarUseCase.execute (D:\Projects\BrocamP\Projects\Personal Projects\21. Slotflow\Slotflow-Main-Backend\src\application\useCases\common\fetchGoogleCalendar.useCase.ts:27:28)[39m
[31m    at async GoogleController.getUserEvents (D:\Projects\BrocamP\Projects\Personal Projects\21. Slotflow\Slotflow-Main-Backend\src\presentation\google\google.controller.ts:22:28)[39m
[2026-01-07 20:05:24] [[31merror[39m]: [31mgetUserEvents failed[39m
[31mRequest had invalid authentication credentials. Expected OAuth 2 access token, login cookie or other valid authentication credential. See https://developers.google.com/identity/sign-in/web/devconsole-project.[39m
[31mError: Request had invalid authentication credentials. Expected OAuth 2 access token, login cookie or other valid authentication credential. See https://developers.google.com/identity/sign-in/web/devconsole-project.[39m
[31m    at Gaxios._request (D:\Projects\BrocamP\Projects\Personal Projects\21. Slotflow\Slotflow-Main-Backend\node_modules\gaxios\src\gaxios.ts:211:15)[39m
[31m    at process.processTicksAndRejections (node:internal/process/task_queues:105:5)[39m
[31m    at async OAuth2Client.requestAsync (D:\Projects\BrocamP\Projects\Personal Projects\21. Slotflow\Slotflow-Main-Backend\node_modules\google-auth-library\build\src\auth\oauth2client.js:463:20)[39m
[31m    at async createAPIRequestAsync (D:\Projects\BrocamP\Projects\Personal Projects\21. Slotflow\Slotflow-Main-Backend\node_modules\googleapis-common\build\src\apirequest.js:308:25)[39m
[31m    at async GoogleCalendarGatewayServiceImpl.fetchEvents (D:\Projects\BrocamP\Projects\Personal Projects\21. Slotflow\Slotflow-Main-Backend\src\infrastructure\services\googleCalendarGatewayService.impl.ts:114:26)[39m
[31m    at async FethGoogleCalendarUseCase.execute (D:\Projects\BrocamP\Projects\Personal Projects\21. Slotflow\Slotflow-Main-Backend\src\application\useCases\common\fetchGoogleCalendar.useCase.ts:27:28)[39m
[31m    at async GoogleController.getUserEvents (D:\Projects\BrocamP\Projects\Personal Projects\21. Slotflow\Slotflow-Main-Backend\src\presentation\google\google.controller.ts:22:28)[39m
[2026-01-07 20:05:27] [[31merror[39m]: [31mFethGoogleCalendarUseCase failed[39m
[31mRequest had invalid authentication credentials. Expected OAuth 2 access token, login cookie or other valid authentication credential. See https://developers.google.com/identity/sign-in/web/devconsole-project.[39m
[31mError: Request had invalid authentication credentials. Expected OAuth 2 access token, login cookie or other valid authentication credential. See https://developers.google.com/identity/sign-in/web/devconsole-project.[39m
[31m    at Gaxios._request (D:\Projects\BrocamP\Projects\Personal Projects\21. Slotflow\Slotflow-Main-Backend\node_modules\gaxios\src\gaxios.ts:211:15)[39m
[31m    at process.processTicksAndRejections (node:internal/process/task_queues:105:5)[39m
[31m    at async OAuth2Client.requestAsync (D:\Projects\BrocamP\Projects\Personal Projects\21. Slotflow\Slotflow-Main-Backend\node_modules\google-auth-library\build\src\auth\oauth2client.js:463:20)[39m
[31m    at async createAPIRequestAsync (D:\Projects\BrocamP\Projects\Personal Projects\21. Slotflow\Slotflow-Main-Backend\node_modules\googleapis-common\build\src\apirequest.js:308:25)[39m
[31m    at async GoogleCalendarGatewayServiceImpl.fetchEvents (D:\Projects\BrocamP\Projects\Personal Projects\21. Slotflow\Slotflow-Main-Backend\src\infrastructure\services\googleCalendarGatewayService.impl.ts:114:26)[39m
[31m    at async FethGoogleCalendarUseCase.execute (D:\Projects\BrocamP\Projects\Personal Projects\21. Slotflow\Slotflow-Main-Backend\src\application\useCases\common\fetchGoogleCalendar.useCase.ts:27:28)[39m
[31m    at async GoogleController.getUserEvents (D:\Projects\BrocamP\Projects\Personal Projects\21. Slotflow\Slotflow-Main-Backend\src\presentation\google\google.controller.ts:22:28)[39m
[2026-01-07 20:05:27] [[31merror[39m]: [31mgetUserEvents failed[39m
[31mRequest had invalid authentication credentials. Expected OAuth 2 access token, login cookie or other valid authentication credential. See https://developers.google.com/identity/sign-in/web/devconsole-project.[39m
[31mError: Request had invalid authentication credentials. Expected OAuth 2 access token, login cookie or other valid authentication credential. See https://developers.google.com/identity/sign-in/web/devconsole-project.[39m
[31m    at Gaxios._request (D:\Projects\BrocamP\Projects\Personal Projects\21. Slotflow\Slotflow-Main-Backend\node_modules\gaxios\src\gaxios.ts:211:15)[39m
[31m    at process.processTicksAndRejections (node:internal/process/task_queues:105:5)[39m
[31m    at async OAuth2Client.requestAsync (D:\Projects\BrocamP\Projects\Personal Projects\21. Slotflow\Slotflow-Main-Backend\node_modules\google-auth-library\build\src\auth\oauth2client.js:463:20)[39m
[31m    at async createAPIRequestAsync (D:\Projects\BrocamP\Projects\Personal Projects\21. Slotflow\Slotflow-Main-Backend\node_modules\googleapis-common\build\src\apirequest.js:308:25)[39m
[31m    at async GoogleCalendarGatewayServiceImpl.fetchEvents (D:\Projects\BrocamP\Projects\Personal Projects\21. Slotflow\Slotflow-Main-Backend\src\infrastructure\services\googleCalendarGatewayService.impl.ts:114:26)[39m
[31m    at async FethGoogleCalendarUseCase.execute (D:\Projects\BrocamP\Projects\Personal Projects\21. Slotflow\Slotflow-Main-Backend\src\application\useCases\common\fetchGoogleCalendar.useCase.ts:27:28)[39m
[31m    at async GoogleController.getUserEvents (D:\Projects\BrocamP\Projects\Personal Projects\21. Slotflow\Slotflow-Main-Backend\src\presentation\google\google.controller.ts:22:28)[39m
[2026-01-07 20:05:31] [[31merror[39m]: [31mFethGoogleCalendarUseCase failed[39m
[31mRequest had invalid authentication credentials. Expected OAuth 2 access token, login cookie or other valid authentication credential. See https://developers.google.com/identity/sign-in/web/devconsole-project.[39m
[31mError: Request had invalid authentication credentials. Expected OAuth 2 access token, login cookie or other valid authentication credential. See https://developers.google.com/identity/sign-in/web/devconsole-project.[39m
[31m    at Gaxios._request (D:\Projects\BrocamP\Projects\Personal Projects\21. Slotflow\Slotflow-Main-Backend\node_modules\gaxios\src\gaxios.ts:211:15)[39m
[31m    at process.processTicksAndRejections (node:internal/process/task_queues:105:5)[39m
[31m    at async OAuth2Client.requestAsync (D:\Projects\BrocamP\Projects\Personal Projects\21. Slotflow\Slotflow-Main-Backend\node_modules\google-auth-library\build\src\auth\oauth2client.js:463:20)[39m
[31m    at async createAPIRequestAsync (D:\Projects\BrocamP\Projects\Personal Projects\21. Slotflow\Slotflow-Main-Backend\node_modules\googleapis-common\build\src\apirequest.js:308:25)[39m
[31m    at async GoogleCalendarGatewayServiceImpl.fetchEvents (D:\Projects\BrocamP\Projects\Personal Projects\21. Slotflow\Slotflow-Main-Backend\src\infrastructure\services\googleCalendarGatewayService.impl.ts:114:26)[39m
[31m    at async FethGoogleCalendarUseCase.execute (D:\Projects\BrocamP\Projects\Personal Projects\21. Slotflow\Slotflow-Main-Backend\src\application\useCases\common\fetchGoogleCalendar.useCase.ts:27:28)[39m
[31m    at async GoogleController.getUserEvents (D:\Projects\BrocamP\Projects\Personal Projects\21. Slotflow\Slotflow-Main-Backend\src\presentation\google\google.controller.ts:22:28)[39m
[2026-01-07 20:05:31] [[31merror[39m]: [31mgetUserEvents failed[39m
[31mRequest had invalid authentication credentials. Expected OAuth 2 access token, login cookie or other valid authentication credential. See https://developers.google.com/identity/sign-in/web/devconsole-project.[39m
[31mError: Request had invalid authentication credentials. Expected OAuth 2 access token, login cookie or other valid authentication credential. See https://developers.google.com/identity/sign-in/web/devconsole-project.[39m
[31m    at Gaxios._request (D:\Projects\BrocamP\Projects\Personal Projects\21. Slotflow\Slotflow-Main-Backend\node_modules\gaxios\src\gaxios.ts:211:15)[39m
[31m    at process.processTicksAndRejections (node:internal/process/task_queues:105:5)[39m
[31m    at async OAuth2Client.requestAsync (D:\Projects\BrocamP\Projects\Personal Projects\21. Slotflow\Slotflow-Main-Backend\node_modules\google-auth-library\build\src\auth\oauth2client.js:463:20)[39m
[31m    at async createAPIRequestAsync (D:\Projects\BrocamP\Projects\Personal Projects\21. Slotflow\Slotflow-Main-Backend\node_modules\googleapis-common\build\src\apirequest.js:308:25)[39m
[31m    at async GoogleCalendarGatewayServiceImpl.fetchEvents (D:\Projects\BrocamP\Projects\Personal Projects\21. Slotflow\Slotflow-Main-Backend\src\infrastructure\services\googleCalendarGatewayService.impl.ts:114:26)[39m
[31m    at async FethGoogleCalendarUseCase.execute (D:\Projects\BrocamP\Projects\Personal Projects\21. Slotflow\Slotflow-Main-Backend\src\application\useCases\common\fetchGoogleCalendar.useCase.ts:27:28)[39m
[31m    at async GoogleController.getUserEvents (D:\Projects\BrocamP\Projects\Personal Projects\21. Slotflow\Slotflow-Main-Backend\src\presentation\google\google.controller.ts:22:28)[39m
[2026-01-07 20:08:47] [[31merror[39m]: [31mFethGoogleCalendarUseCase failed[39m
[31mRequest had invalid authentication credentials. Expected OAuth 2 access token, login cookie or other valid authentication credential. See https://developers.google.com/identity/sign-in/web/devconsole-project.[39m
[31mError: Request had invalid authentication credentials. Expected OAuth 2 access token, login cookie or other valid authentication credential. See https://developers.google.com/identity/sign-in/web/devconsole-project.[39m
[31m    at Gaxios._request (D:\Projects\BrocamP\Projects\Personal Projects\21. Slotflow\Slotflow-Main-Backend\node_modules\gaxios\src\gaxios.ts:211:15)[39m
[31m    at process.processTicksAndRejections (node:internal/process/task_queues:105:5)[39m
[31m    at async OAuth2Client.requestAsync (D:\Projects\BrocamP\Projects\Personal Projects\21. Slotflow\Slotflow-Main-Backend\node_modules\google-auth-library\build\src\auth\oauth2client.js:463:20)[39m
[31m    at async createAPIRequestAsync (D:\Projects\BrocamP\Projects\Personal Projects\21. Slotflow\Slotflow-Main-Backend\node_modules\googleapis-common\build\src\apirequest.js:308:25)[39m
[31m    at async GoogleCalendarGatewayServiceImpl.fetchEvents (D:\Projects\BrocamP\Projects\Personal Projects\21. Slotflow\Slotflow-Main-Backend\src\infrastructure\services\googleCalendarGatewayService.impl.ts:114:26)[39m
[31m    at async FethGoogleCalendarUseCase.execute (D:\Projects\BrocamP\Projects\Personal Projects\21. Slotflow\Slotflow-Main-Backend\src\application\useCases\common\fetchGoogleCalendar.useCase.ts:30:28)[39m
[31m    at async GoogleController.getUserEvents (D:\Projects\BrocamP\Projects\Personal Projects\21. Slotflow\Slotflow-Main-Backend\src\presentation\google\google.controller.ts:22:28)[39m
[2026-01-07 20:08:47] [[31merror[39m]: [31mgetUserEvents failed[39m
[31mRequest had invalid authentication credentials. Expected OAuth 2 access token, login cookie or other valid authentication credential. See https://developers.google.com/identity/sign-in/web/devconsole-project.[39m
[31mError: Request had invalid authentication credentials. Expected OAuth 2 access token, login cookie or other valid authentication credential. See https://developers.google.com/identity/sign-in/web/devconsole-project.[39m
[31m    at Gaxios._request (D:\Projects\BrocamP\Projects\Personal Projects\21. Slotflow\Slotflow-Main-Backend\node_modules\gaxios\src\gaxios.ts:211:15)[39m
[31m    at process.processTicksAndRejections (node:internal/process/task_queues:105:5)[39m
[31m    at async OAuth2Client.requestAsync (D:\Projects\BrocamP\Projects\Personal Projects\21. Slotflow\Slotflow-Main-Backend\node_modules\google-auth-library\build\src\auth\oauth2client.js:463:20)[39m
[31m    at async createAPIRequestAsync (D:\Projects\BrocamP\Projects\Personal Projects\21. Slotflow\Slotflow-Main-Backend\node_modules\googleapis-common\build\src\apirequest.js:308:25)[39m
[31m    at async GoogleCalendarGatewayServiceImpl.fetchEvents (D:\Projects\BrocamP\Projects\Personal Projects\21. Slotflow\Slotflow-Main-Backend\src\infrastructure\services\googleCalendarGatewayService.impl.ts:114:26)[39m
[31m    at async FethGoogleCalendarUseCase.execute (D:\Projects\BrocamP\Projects\Personal Projects\21. Slotflow\Slotflow-Main-Backend\src\application\useCases\common\fetchGoogleCalendar.useCase.ts:30:28)[39m
[31m    at async GoogleController.getUserEvents (D:\Projects\BrocamP\Projects\Personal Projects\21. Slotflow\Slotflow-Main-Backend\src\presentation\google\google.controller.ts:22:28)[39m
[2026-01-12 19:35:29] [[31merror[39m]: [31mStartup failed[39m
[31mConnection error: [39m
[31mKafkaJSNonRetriableError[39m
[31m  Caused by: KafkaJSConnectionError: Connection error: [39m
[31m    at Socket.onError (D:\Projects\BrocamP\Projects\Personal Projects\21. Slotflow\Slotflow-Main-Backend\node_modules\kafkajs\src\network\connection.js:210:23)[39m
[31m    at Socket.emit (node:events:519:28)[39m
[31m    at emitErrorNT (node:internal/streams/destroy:170:8)[39m
[31m    at emitErrorCloseNT (node:internal/streams/destroy:129:3)[39m
[31m    at process.processTicksAndRejections (node:internal/process/task_queues:90:21)[39m
[2026-01-15 15:34:16] [[31merror[39m]: [31mStartup failed[39m
[31mConnection error: [39m
[31mKafkaJSNonRetriableError[39m
[31m  Caused by: KafkaJSConnectionError: Connection error: [39m
[31m    at Socket.onError (D:\Projects\BrocamP\Projects\Personal Projects\21. Slotflow\Slotflow-Main-Backend\node_modules\kafkajs\src\network\connection.js:210:23)[39m
[31m    at Socket.emit (node:events:519:28)[39m
[31m    at emitErrorNT (node:internal/streams/destroy:170:8)[39m
[31m    at emitErrorCloseNT (node:internal/streams/destroy:129:3)[39m
[31m    at process.processTicksAndRejections (node:internal/process/task_queues:90:21)[39m
[2026-01-15 15:37:43] [[31merror[39m]: [31mStartup failed[39m
[31mConnection error: [39m
[31mKafkaJSNonRetriableError[39m
[31m  Caused by: KafkaJSConnectionError: Connection error: [39m
[31m    at Socket.onError (D:\Projects\BrocamP\Projects\Personal Projects\21. Slotflow\Slotflow-Main-Backend\node_modules\kafkajs\src\network\connection.js:210:23)[39m
[31m    at Socket.emit (node:events:519:28)[39m
[31m    at emitErrorNT (node:internal/streams/destroy:170:8)[39m
[31m    at emitErrorCloseNT (node:internal/streams/destroy:129:3)[39m
[31m    at process.processTicksAndRejections (node:internal/process/task_queues:90:21)[39m
[2026-01-15 16:23:04] [[31merror[39m]: [31mLoginUseCase failed[39m
[31mYour account is blocked, please contact us[39m
[31mError: Your account is blocked, please contact us[39m
[31m    at LoginUseCase.execute (D:\Projects\BrocamP\Projects\Personal Projects\21. Slotflow\Slotflow-Main-Backend\src\application\useCases\auth\login.useCase.ts:35:43)[39m
[31m    at process.processTicksAndRejections (node:internal/process/task_queues:105:5)[39m
[31m    at async AuthController.login (D:\Projects\BrocamP\Projects\Personal Projects\21. Slotflow\Slotflow-Main-Backend\src\presentation\auth\auth.controller.ts:77:22)[39m
[2026-01-15 16:23:04] [[31merror[39m]: [31mlogin failed[39m
[31mYour account is blocked, please contact us[39m
[31mError: Your account is blocked, please contact us[39m
[31m    at LoginUseCase.execute (D:\Projects\BrocamP\Projects\Personal Projects\21. Slotflow\Slotflow-Main-Backend\src\application\useCases\auth\login.useCase.ts:35:43)[39m
[31m    at process.processTicksAndRejections (node:internal/process/task_queues:105:5)[39m
[31m    at async AuthController.login (D:\Projects\BrocamP\Projects\Personal Projects\21. Slotflow\Slotflow-Main-Backend\src\presentation\auth\auth.controller.ts:77:22)[39m
[2026-01-15 16:24:29] [[31merror[39m]: [31mLoginUseCase failed[39m
[31mYour account is blocked, please contact us[39m
[31mError: Your account is blocked, please contact us[39m
[31m    at LoginUseCase.execute (D:\Projects\BrocamP\Projects\Personal Projects\21. Slotflow\Slotflow-Main-Backend\src\application\useCases\auth\login.useCase.ts:35:43)[39m
[31m    at process.processTicksAndRejections (node:internal/process/task_queues:105:5)[39m
[31m    at async AuthController.login (D:\Projects\BrocamP\Projects\Personal Projects\21. Slotflow\Slotflow-Main-Backend\src\presentation\auth\auth.controller.ts:77:22)[39m
[2026-01-15 16:24:29] [[31merror[39m]: [31mlogin failed[39m
[31mYour account is blocked, please contact us[39m
[31mError: Your account is blocked, please contact us[39m
[31m    at LoginUseCase.execute (D:\Projects\BrocamP\Projects\Personal Projects\21. Slotflow\Slotflow-Main-Backend\src\application\useCases\auth\login.useCase.ts:35:43)[39m
[31m    at process.processTicksAndRejections (node:internal/process/task_queues:105:5)[39m
[31m    at async AuthController.login (D:\Projects\BrocamP\Projects\Personal Projects\21. Slotflow\Slotflow-Main-Backend\src\presentation\auth\auth.controller.ts:77:22)[39m
[2026-01-24 00:53:42] [[31merror[39m]: [31mMongoDB Connection Error : [39m
[31mconnect ECONNREFUSED ::1:27017, connect ECONNREFUSED 127.0.0.1:27017[39m
[31mMongooseServerSelectionError: connect ECONNREFUSED ::1:27017, connect ECONNREFUSED 127.0.0.1:27017[39m
[31m    at _handleConnectionErrors (C:\MY LOCAL DISC\Slotflow\slotflow-backend-main\node_modules\mongoose\lib\connection.js:1163:11)[39m
[31m    at NativeConnection.openUri (C:\MY LOCAL DISC\Slotflow\slotflow-backend-main\node_modules\mongoose\lib\connection.js:1094:11)[39m
[31m    at async connectDB (C:\MY LOCAL DISC\Slotflow\slotflow-backend-main\src\config\database\mongodb\mongodb.config.ts:7:9)[39m
[31m    at async start (C:\MY LOCAL DISC\Slotflow\slotflow-backend-main\src\server.ts:11:5)[39m
[2026-01-24 15:23:32] [[31merror[39m]: [31mMongoDB Connection Error : [39m
[31mconnect ECONNREFUSED ::1:27017, connect ECONNREFUSED 127.0.0.1:27017[39m
[31mMongooseServerSelectionError: connect ECONNREFUSED ::1:27017, connect ECONNREFUSED 127.0.0.1:27017[39m
[31m    at _handleConnectionErrors (C:\MY LOCAL DISC\Slotflow\slotflow-backend-main\node_modules\mongoose\lib\connection.js:1163:11)[39m
[31m    at NativeConnection.openUri (C:\MY LOCAL DISC\Slotflow\slotflow-backend-main\node_modules\mongoose\lib\connection.js:1094:11)[39m
[31m    at async connectDB (C:\MY LOCAL DISC\Slotflow\slotflow-backend-main\src\config\database\mongodb\mongodb.config.ts:7:9)[39m
[31m    at async start (C:\MY LOCAL DISC\Slotflow\slotflow-backend-main\src\server.ts:11:5)[39m
[2026-01-24 15:41:09] [[31merror[39m]: [31mLoginUseCase failed[39m
[31mInvalid credentials[39m
[31mError: Invalid credentials[39m
[31m    at LoginUseCase.execute (C:\MY LOCAL DISC\Slotflow\slotflow-backend-main\src\application\useCases\auth\login.useCase.ts:34:34)[39m
[31m    at process.processTicksAndRejections (node:internal/process/task_queues:103:5)[39m
[31m    at async AuthController.login (C:\MY LOCAL DISC\Slotflow\slotflow-backend-main\src\presentation\auth\auth.controller.ts:77:22)[39m
[2026-01-24 15:41:09] [[31merror[39m]: [31mlogin failed[39m
[31mInvalid credentials[39m
[31mError: Invalid credentials[39m
[31m    at LoginUseCase.execute (C:\MY LOCAL DISC\Slotflow\slotflow-backend-main\src\application\useCases\auth\login.useCase.ts:34:34)[39m
[31m    at process.processTicksAndRejections (node:internal/process/task_queues:103:5)[39m
[31m    at async AuthController.login (C:\MY LOCAL DISC\Slotflow\slotflow-backend-main\src\presentation\auth\auth.controller.ts:77:22)[39m
[2026-01-24 16:01:10] [[31merror[39m]: [31mRegisterUseCase failed[39m
[31mconnect ECONNREFUSED ::1:27017, connect ECONNREFUSED 127.0.0.1:27017[39m
[31mMongoServerSelectionError: connect ECONNREFUSED ::1:27017, connect ECONNREFUSED 127.0.0.1:27017[39m
[31m    at Topology.selectServer (C:\MY LOCAL DISC\Slotflow\slotflow-backend-main\node_modules\mongodb\src\sdam\topology.ts:626:30)[39m
[31m    at runNextTicks (node:internal/process/task_queues:64:5)[39m
[31m    at process.processTimers (node:internal/timers:538:9)[39m
[31m    at async tryOperation (C:\MY LOCAL DISC\Slotflow\slotflow-backend-main\node_modules\mongodb\src\operations\execute_operation.ts:201:16)[39m
[31m    at async executeOperation (C:\MY LOCAL DISC\Slotflow\slotflow-backend-main\node_modules\mongodb\src\operations\execute_operation.ts:115:12)[39m
[31m    at async FindCursor._initialize (C:\MY LOCAL DISC\Slotflow\slotflow-backend-main\node_modules\mongodb\src\cursor\find_cursor.ts:92:22)[39m
[31m    at async FindCursor.cursorInit (C:\MY LOCAL DISC\Slotflow\slotflow-backend-main\node_modules\mongodb\src\cursor\abstract_cursor.ts:942:21)[39m
[31m    at async FindCursor.fetchBatch (C:\MY LOCAL DISC\Slotflow\slotflow-backend-main\node_modules\mongodb\src\cursor\abstract_cursor.ts:980:7)[39m
[31m    at async FindCursor.next (C:\MY LOCAL DISC\Slotflow\slotflow-backend-main\node_modules\mongodb\src\cursor\abstract_cursor.ts:610:9)[39m
[31m    at async Collection.findOne (C:\MY LOCAL DISC\Slotflow\slotflow-backend-main\node_modules\mongodb\src\collection.ts:525:17)[39m
[2026-01-24 16:01:10] [[31merror[39m]: [31mRegisterUseCase failed[39m
[31mconnect ECONNREFUSED ::1:27017, connect ECONNREFUSED 127.0.0.1:27017[39m
[31mMongoServerSelectionError: connect ECONNREFUSED ::1:27017, connect ECONNREFUSED 127.0.0.1:27017[39m
[31m    at Topology.selectServer (C:\MY LOCAL DISC\Slotflow\slotflow-backend-main\node_modules\mongodb\src\sdam\topology.ts:626:30)[39m
[31m    at runNextTicks (node:internal/process/task_queues:64:5)[39m
[31m    at process.processTimers (node:internal/timers:538:9)[39m
[31m    at async tryOperation (C:\MY LOCAL DISC\Slotflow\slotflow-backend-main\node_modules\mongodb\src\operations\execute_operation.ts:201:16)[39m
[31m    at async executeOperation (C:\MY LOCAL DISC\Slotflow\slotflow-backend-main\node_modules\mongodb\src\operations\execute_operation.ts:115:12)[39m
[31m    at async FindCursor._initialize (C:\MY LOCAL DISC\Slotflow\slotflow-backend-main\node_modules\mongodb\src\cursor\find_cursor.ts:92:22)[39m
[31m    at async FindCursor.cursorInit (C:\MY LOCAL DISC\Slotflow\slotflow-backend-main\node_modules\mongodb\src\cursor\abstract_cursor.ts:942:21)[39m
[31m    at async FindCursor.fetchBatch (C:\MY LOCAL DISC\Slotflow\slotflow-backend-main\node_modules\mongodb\src\cursor\abstract_cursor.ts:980:7)[39m
[31m    at async FindCursor.next (C:\MY LOCAL DISC\Slotflow\slotflow-backend-main\node_modules\mongodb\src\cursor\abstract_cursor.ts:610:9)[39m
[31m    at async Collection.findOne (C:\MY LOCAL DISC\Slotflow\slotflow-backend-main\node_modules\mongodb\src\collection.ts:525:17)[39m
[2026-01-24 16:02:51] [[31merror[39m]: [31mVerifyOTPUseCase failed[39m
[31mVerification failed[39m
[31mError: Verification failed[39m
[31m    at VerifyOTPUseCase.verifyAndActivateEntity (C:\MY LOCAL DISC\Slotflow\slotflow-backend-main\src\application\useCases\auth\verifyOtp.useCase.ts:65:15)[39m
[31m    at process.processTicksAndRejections (node:internal/process/task_queues:103:5)[39m
[31m    at async VerifyOTPUseCase.execute (C:\MY LOCAL DISC\Slotflow\slotflow-backend-main\src\application\useCases\auth\verifyOtp.useCase.ts:38:22)[39m
[31m    at async AuthController.verifyOTP (C:\MY LOCAL DISC\Slotflow\slotflow-backend-main\src\presentation\auth\auth.controller.ts:50:7)[39m
[2026-01-24 16:02:51] [[31merror[39m]: [31mverifyOTP controller failed[39m
[31mVerification failed[39m
[31mError: Verification failed[39m
[31m    at VerifyOTPUseCase.verifyAndActivateEntity (C:\MY LOCAL DISC\Slotflow\slotflow-backend-main\src\application\useCases\auth\verifyOtp.useCase.ts:65:15)[39m
[31m    at process.processTicksAndRejections (node:internal/process/task_queues:103:5)[39m
[31m    at async VerifyOTPUseCase.execute (C:\MY LOCAL DISC\Slotflow\slotflow-backend-main\src\application\useCases\auth\verifyOtp.useCase.ts:38:22)[39m
[31m    at async AuthController.verifyOTP (C:\MY LOCAL DISC\Slotflow\slotflow-backend-main\src\presentation\auth\auth.controller.ts:50:7)[39m
[2026-01-24 16:16:01] [[31merror[39m]: [31mVerifyOTPUseCase failed[39m
[31mInvalid or expired OTP[39m
[31mError: Invalid or expired OTP[39m
[31m    at VerifyOTPUseCase.execute (C:\MY LOCAL DISC\Slotflow\slotflow-backend-main\src\application\useCases\auth\verifyOtp.useCase.ts:35:15)[39m
[31m    at process.processTicksAndRejections (node:internal/process/task_queues:103:5)[39m
[31m    at async AuthController.verifyOTP (C:\MY LOCAL DISC\Slotflow\slotflow-backend-main\src\presentation\auth\auth.controller.ts:50:7)[39m
[2026-01-24 16:16:01] [[31merror[39m]: [31mverifyOTP controller failed[39m
[31mInvalid or expired OTP[39m
[31mError: Invalid or expired OTP[39m
[31m    at VerifyOTPUseCase.execute (C:\MY LOCAL DISC\Slotflow\slotflow-backend-main\src\application\useCases\auth\verifyOtp.useCase.ts:35:15)[39m
[31m    at process.processTicksAndRejections (node:internal/process/task_queues:103:5)[39m
[31m    at async AuthController.verifyOTP (C:\MY LOCAL DISC\Slotflow\slotflow-backend-main\src\presentation\auth\auth.controller.ts:50:7)[39m
[2026-01-24 19:24:52] [[31merror[39m]: [31mMongoDB Connection Error : [39m
[31mconnect ECONNREFUSED ::1:27017, connect ECONNREFUSED 127.0.0.1:27017[39m
[31mMongooseServerSelectionError: connect ECONNREFUSED ::1:27017, connect ECONNREFUSED 127.0.0.1:27017[39m
[31m    at _handleConnectionErrors (C:\MY LOCAL DISC\Slotflow\slotflow-backend-main\node_modules\.pnpm\mongoose@8.21.1\node_modules\mongoose\lib\connection.js:1169:11)[39m
[31m    at NativeConnection.openUri (C:\MY LOCAL DISC\Slotflow\slotflow-backend-main\node_modules\.pnpm\mongoose@8.21.1\node_modules\mongoose\lib\connection.js:1100:11)[39m
[31m    at async connectDB (C:\MY LOCAL DISC\Slotflow\slotflow-backend-main\src\config\database\mongodb\mongodb.config.ts:7:9)[39m
[31m    at async start (C:\MY LOCAL DISC\Slotflow\slotflow-backend-main\src\server.ts:11:5)[39m
[2026-01-24 20:15:28] [[31merror[39m]: [31mVerifyOTPUseCase failed[39m
[31mVerification failed[39m
[31mError: Verification failed[39m
[31m    at VerifyOTPUseCase.verifyAndActivateEntity (C:\MY LOCAL DISC\Slotflow\slotflow-backend-main\src\application\useCases\auth\verifyOtp.useCase.ts:69:15)[39m
[31m    at process.processTicksAndRejections (node:internal/process/task_queues:103:5)[39m
[31m    at async VerifyOTPUseCase.execute (C:\MY LOCAL DISC\Slotflow\slotflow-backend-main\src\application\useCases\auth\verifyOtp.useCase.ts:38:22)[39m
[31m    at async AuthController.verifyOTP (C:\MY LOCAL DISC\Slotflow\slotflow-backend-main\src\presentation\auth\auth.controller.ts:50:7)[39m
[2026-01-24 20:15:28] [[31merror[39m]: [31mverifyOTP controller failed[39m
[31mVerification failed[39m
[31mError: Verification failed[39m
[31m    at VerifyOTPUseCase.verifyAndActivateEntity (C:\MY LOCAL DISC\Slotflow\slotflow-backend-main\src\application\useCases\auth\verifyOtp.useCase.ts:69:15)[39m
[31m    at process.processTicksAndRejections (node:internal/process/task_queues:103:5)[39m
[31m    at async VerifyOTPUseCase.execute (C:\MY LOCAL DISC\Slotflow\slotflow-backend-main\src\application\useCases\auth\verifyOtp.useCase.ts:38:22)[39m
[31m    at async AuthController.verifyOTP (C:\MY LOCAL DISC\Slotflow\slotflow-backend-main\src\presentation\auth\auth.controller.ts:50:7)[39m
[2026-01-24 20:18:57] [[31merror[39m]: [31mVerifyOTPUseCase failed[39m
[31mVerification failed[39m
[31mError: Verification failed[39m
[31m    at VerifyOTPUseCase.verifyAndActivateEntity (C:\MY LOCAL DISC\Slotflow\slotflow-backend-main\src\application\useCases\auth\verifyOtp.useCase.ts:67:15)[39m
[31m    at process.processTicksAndRejections (node:internal/process/task_queues:103:5)[39m
[31m    at async VerifyOTPUseCase.execute (C:\MY LOCAL DISC\Slotflow\slotflow-backend-main\src\application\useCases\auth\verifyOtp.useCase.ts:38:22)[39m
[31m    at async AuthController.verifyOTP (C:\MY LOCAL DISC\Slotflow\slotflow-backend-main\src\presentation\auth\auth.controller.ts:50:7)[39m
[2026-01-24 20:18:57] [[31merror[39m]: [31mverifyOTP controller failed[39m
[31mVerification failed[39m
[31mError: Verification failed[39m
[31m    at VerifyOTPUseCase.verifyAndActivateEntity (C:\MY LOCAL DISC\Slotflow\slotflow-backend-main\src\application\useCases\auth\verifyOtp.useCase.ts:67:15)[39m
[31m    at process.processTicksAndRejections (node:internal/process/task_queues:103:5)[39m
[31m    at async VerifyOTPUseCase.execute (C:\MY LOCAL DISC\Slotflow\slotflow-backend-main\src\application\useCases\auth\verifyOtp.useCase.ts:38:22)[39m
[31m    at async AuthController.verifyOTP (C:\MY LOCAL DISC\Slotflow\slotflow-backend-main\src\presentation\auth\auth.controller.ts:50:7)[39m
[2026-01-24 20:19:50] [[31merror[39m]: [31mVerifyOTPUseCase failed[39m
[31mInvalid or expired OTP[39m
[31mError: Invalid or expired OTP[39m
[31m    at VerifyOTPUseCase.execute (C:\MY LOCAL DISC\Slotflow\slotflow-backend-main\src\application\useCases\auth\verifyOtp.useCase.ts:35:15)[39m
[31m    at process.processTicksAndRejections (node:internal/process/task_queues:103:5)[39m
[31m    at async AuthController.verifyOTP (C:\MY LOCAL DISC\Slotflow\slotflow-backend-main\src\presentation\auth\auth.controller.ts:50:7)[39m
[2026-01-24 20:19:50] [[31merror[39m]: [31mverifyOTP controller failed[39m
[31mInvalid or expired OTP[39m
[31mError: Invalid or expired OTP[39m
[31m    at VerifyOTPUseCase.execute (C:\MY LOCAL DISC\Slotflow\slotflow-backend-main\src\application\useCases\auth\verifyOtp.useCase.ts:35:15)[39m
[31m    at process.processTicksAndRejections (node:internal/process/task_queues:103:5)[39m
[31m    at async AuthController.verifyOTP (C:\MY LOCAL DISC\Slotflow\slotflow-backend-main\src\presentation\auth\auth.controller.ts:50:7)[39m
[2026-02-12 16:48:02] [[31merror[39m]: [31mMongoDB Connection Error : [39m
[31mconnect ECONNREFUSED ::1:27017, connect ECONNREFUSED 127.0.0.1:27017[39m
[31mMongooseServerSelectionError: connect ECONNREFUSED ::1:27017, connect ECONNREFUSED 127.0.0.1:27017[39m
[31m    at _handleConnectionErrors (C:\MY LOCAL DISC\Slotflow\slotflow-backend-main\node_modules\.pnpm\mongoose@8.21.1\node_modules\mongoose\lib\connection.js:1169:11)[39m
[31m    at NativeConnection.openUri (C:\MY LOCAL DISC\Slotflow\slotflow-backend-main\node_modules\.pnpm\mongoose@8.21.1\node_modules\mongoose\lib\connection.js:1100:11)[39m
[31m    at async connectDB (C:\MY LOCAL DISC\Slotflow\slotflow-backend-main\src\config\database\mongodb\mongodb.config.ts:7:9)[39m
[31m    at async start (C:\MY LOCAL DISC\Slotflow\slotflow-backend-main\src\server.ts:11:5)[39m
[2026-02-12 16:48:59] [[31merror[39m]: [31mMongoDB Connection Error : [39m
[31mconnect ECONNREFUSED ::1:27017, connect ECONNREFUSED 127.0.0.1:27017[39m
[31mMongooseServerSelectionError: connect ECONNREFUSED ::1:27017, connect ECONNREFUSED 127.0.0.1:27017[39m
[31m    at _handleConnectionErrors (C:\MY LOCAL DISC\Slotflow\slotflow-backend-main\node_modules\.pnpm\mongoose@8.21.1\node_modules\mongoose\lib\connection.js:1169:11)[39m
[31m    at NativeConnection.openUri (C:\MY LOCAL DISC\Slotflow\slotflow-backend-main\node_modules\.pnpm\mongoose@8.21.1\node_modules\mongoose\lib\connection.js:1100:11)[39m
[31m    at async connectDB (C:\MY LOCAL DISC\Slotflow\slotflow-backend-main\src\config\database\mongodb\mongodb.config.ts:7:9)[39m
[31m    at async start (C:\MY LOCAL DISC\Slotflow\slotflow-backend-main\src\server.ts:11:5)[39m
[2026-02-12 21:57:38] [[31merror[39m]: [31mLoginUseCase failed[39m
[31mInvalid credentials[39m
[31mError: Invalid credentials[39m
[31m    at LoginUseCase.execute (C:\MY LOCAL DISC\Slotflow\slotflow-backend-main\src\application\useCases\auth\login.useCase.ts:34:34)[39m
[31m    at process.processTicksAndRejections (node:internal/process/task_queues:103:5)[39m
[31m    at async AuthController.login (C:\MY LOCAL DISC\Slotflow\slotflow-backend-main\src\presentation\auth\auth.controller.ts:77:22)[39m
[2026-02-12 21:57:38] [[31merror[39m]: [31mlogin failed[39m
[31mInvalid credentials[39m
[31mError: Invalid credentials[39m
[31m    at LoginUseCase.execute (C:\MY LOCAL DISC\Slotflow\slotflow-backend-main\src\application\useCases\auth\login.useCase.ts:34:34)[39m
[31m    at process.processTicksAndRejections (node:internal/process/task_queues:103:5)[39m
[31m    at async AuthController.login (C:\MY LOCAL DISC\Slotflow\slotflow-backend-main\src\presentation\auth\auth.controller.ts:77:22)[39m
[2026-02-13 18:29:07] [[31merror[39m]: [31msetOtp failed[39m
[31mfetch failed[39m
[31mTypeError: fetch failed[39m
[31m    at node:internal/deps/undici/undici:16416:13[39m
[31m    at process.processTicksAndRejections (node:internal/process/task_queues:103:5)[39m
[31m    at async HttpClient.request (file:///C:/MY%20LOCAL%20DISC/Slotflow/slotflow-backend-main/node_modules/.pnpm/@upstash+redis@1.36.1/node_modules/@upstash/redis/chunk-LLI2WIYN.mjs:171:15)[39m
[31m    at async Pipeline.exec (file:///C:/MY%20LOCAL%20DISC/Slotflow/slotflow-backend-main/node_modules/.pnpm/@upstash+redis@1.36.1/node_modules/@upstash/redis/chunk-LLI2WIYN.mjs:2528:17)[39m
[31m    at async AutoPipelineExecutor.withAutoPipeline (file:///C:/MY%20LOCAL%20DISC/Slotflow/slotflow-backend-main/node_modules/.pnpm/@upstash+redis@1.36.1/node_modules/@upstash/redis/chunk-LLI2WIYN.mjs:3443:21)[39m
[31m    at async OTPServiceImpl.setOtp (C:\MY LOCAL DISC\Slotflow\slotflow-backend-main\src\infrastructure\services\otpService.impl.ts:16:7)[39m
[31m    at async RegisterUseCase.execute (C:\MY LOCAL DISC\Slotflow\slotflow-backend-main\src\application\useCases\auth\register.useCase.ts:43:21)[39m
[31m    at async AuthController.register (C:\MY LOCAL DISC\Slotflow\slotflow-backend-main\src\presentation\auth\auth.controller.ts:32:22)[39m
[2026-02-13 18:29:07] [[31merror[39m]: [31mRegisterUseCase failed[39m
[31mfetch failed[39m
[31mTypeError: fetch failed[39m
[31m    at node:internal/deps/undici/undici:16416:13[39m
[31m    at process.processTicksAndRejections (node:internal/process/task_queues:103:5)[39m
[31m    at async HttpClient.request (file:///C:/MY%20LOCAL%20DISC/Slotflow/slotflow-backend-main/node_modules/.pnpm/@upstash+redis@1.36.1/node_modules/@upstash/redis/chunk-LLI2WIYN.mjs:171:15)[39m
[31m    at async Pipeline.exec (file:///C:/MY%20LOCAL%20DISC/Slotflow/slotflow-backend-main/node_modules/.pnpm/@upstash+redis@1.36.1/node_modules/@upstash/redis/chunk-LLI2WIYN.mjs:2528:17)[39m
[31m    at async AutoPipelineExecutor.withAutoPipeline (file:///C:/MY%20LOCAL%20DISC/Slotflow/slotflow-backend-main/node_modules/.pnpm/@upstash+redis@1.36.1/node_modules/@upstash/redis/chunk-LLI2WIYN.mjs:3443:21)[39m
[31m    at async OTPServiceImpl.setOtp (C:\MY LOCAL DISC\Slotflow\slotflow-backend-main\src\infrastructure\services\otpService.impl.ts:16:7)[39m
[31m    at async RegisterUseCase.execute (C:\MY LOCAL DISC\Slotflow\slotflow-backend-main\src\application\useCases\auth\register.useCase.ts:43:21)[39m
[31m    at async AuthController.register (C:\MY LOCAL DISC\Slotflow\slotflow-backend-main\src\presentation\auth\auth.controller.ts:32:22)[39m
[2026-02-13 18:29:07] [[31merror[39m]: [31mRegisterUseCase failed[39m
[31mfetch failed[39m
[31mTypeError: fetch failed[39m
[31m    at node:internal/deps/undici/undici:16416:13[39m
[31m    at process.processTicksAndRejections (node:internal/process/task_queues:103:5)[39m
[31m    at async HttpClient.request (file:///C:/MY%20LOCAL%20DISC/Slotflow/slotflow-backend-main/node_modules/.pnpm/@upstash+redis@1.36.1/node_modules/@upstash/redis/chunk-LLI2WIYN.mjs:171:15)[39m
[31m    at async Pipeline.exec (file:///C:/MY%20LOCAL%20DISC/Slotflow/slotflow-backend-main/node_modules/.pnpm/@upstash+redis@1.36.1/node_modules/@upstash/redis/chunk-LLI2WIYN.mjs:2528:17)[39m
[31m    at async AutoPipelineExecutor.withAutoPipeline (file:///C:/MY%20LOCAL%20DISC/Slotflow/slotflow-backend-main/node_modules/.pnpm/@upstash+redis@1.36.1/node_modules/@upstash/redis/chunk-LLI2WIYN.mjs:3443:21)[39m
[31m    at async OTPServiceImpl.setOtp (C:\MY LOCAL DISC\Slotflow\slotflow-backend-main\src\infrastructure\services\otpService.impl.ts:16:7)[39m
[31m    at async RegisterUseCase.execute (C:\MY LOCAL DISC\Slotflow\slotflow-backend-main\src\application\useCases\auth\register.useCase.ts:43:21)[39m
[31m    at async AuthController.register (C:\MY LOCAL DISC\Slotflow\slotflow-backend-main\src\presentation\auth\auth.controller.ts:32:22)[39m
[2026-02-13 18:35:53] [[31merror[39m]: [31mMongoDB Connection Error : [39m
[31mconnect ECONNREFUSED ::1:27017, connect ECONNREFUSED 127.0.0.1:27017[39m
[31mMongooseServerSelectionError: connect ECONNREFUSED ::1:27017, connect ECONNREFUSED 127.0.0.1:27017[39m
[31m    at _handleConnectionErrors (C:\MY LOCAL DISC\Slotflow\slotflow-backend-main\node_modules\.pnpm\mongoose@8.21.1\node_modules\mongoose\lib\connection.js:1169:11)[39m
[31m    at NativeConnection.openUri (C:\MY LOCAL DISC\Slotflow\slotflow-backend-main\node_modules\.pnpm\mongoose@8.21.1\node_modules\mongoose\lib\connection.js:1100:11)[39m
[31m    at async connectDB (C:\MY LOCAL DISC\Slotflow\slotflow-backend-main\src\config\database\mongodb\mongodb.config.ts:7:9)[39m
[31m    at async start (C:\MY LOCAL DISC\Slotflow\slotflow-backend-main\src\server.ts:11:5)[39m
[2026-02-13 18:39:14] [[31merror[39m]: [31mMongoDB Connection Error : [39m
[31mconnect ECONNREFUSED ::1:27017, connect ECONNREFUSED 127.0.0.1:27017[39m
[31mMongooseServerSelectionError: connect ECONNREFUSED ::1:27017, connect ECONNREFUSED 127.0.0.1:27017[39m
[31m    at _handleConnectionErrors (C:\MY LOCAL DISC\Slotflow\slotflow-backend-main\node_modules\.pnpm\mongoose@8.21.1\node_modules\mongoose\lib\connection.js:1169:11)[39m
[31m    at NativeConnection.openUri (C:\MY LOCAL DISC\Slotflow\slotflow-backend-main\node_modules\.pnpm\mongoose@8.21.1\node_modules\mongoose\lib\connection.js:1100:11)[39m
[31m    at async connectDB (C:\MY LOCAL DISC\Slotflow\slotflow-backend-main\src\config\database\mongodb\mongodb.config.ts:7:9)[39m
[31m    at async start (C:\MY LOCAL DISC\Slotflow\slotflow-backend-main\src\server.ts:11:5)[39m
[2026-02-13 21:03:23] [[31merror[39m]: [31mgetAddress failed[39m
[31m[[39m
[31m  {[39m
[31m    "expected": "object",[39m
[31m    "code": "invalid_type",[39m
[31m    "path": [],[39m
[31m    "message": "Invalid input: expected object, received string"[39m
[31m  }[39m
[31m][39m
[31mZodError: [[39m
[31m  {[39m
[31m    "expected": "object",[39m
[31m    "code": "invalid_type",[39m
[31m    "path": [],[39m
[31m    "message": "Invalid input: expected object, received string"[39m
[31m  }[39m
[31m][39m
[31m    at ProviderAddressController.getAddress (C:\MY LOCAL DISC\Slotflow\slotflow-backend-main\src\presentation\provider\providerAddress.controller.ts:39:61)[39m
[31m    at Layer.handle [as handle_request] (C:\MY LOCAL DISC\Slotflow\slotflow-backend-main\node_modules\.pnpm\express@4.22.1\node_modules\express\lib\router\layer.js:95:5)[39m
[31m    at next (C:\MY LOCAL DISC\Slotflow\slotflow-backend-main\node_modules\.pnpm\express@4.22.1\node_modules\express\lib\router\route.js:149:13)[39m
[31m    at authMiddleware (C:\MY LOCAL DISC\Slotflow\slotflow-backend-main\src\presentation\middleware\auth.middleware.ts:70:16)[39m
[31m    at process.processTicksAndRejections (node:internal/process/task_queues:103:5)[39m
[2026-02-13 21:19:14] [[31merror[39m]: [31mgetAddress failed[39m
[31m[[39m
[31m  {[39m
[31m    "expected": "object",[39m
[31m    "code": "invalid_type",[39m
[31m    "path": [],[39m
[31m    "message": "Invalid input: expected object, received string"[39m
[31m  }[39m
[31m][39m
[31mZodError: [[39m
[31m  {[39m
[31m    "expected": "object",[39m
[31m    "code": "invalid_type",[39m
[31m    "path": [],[39m
[31m    "message": "Invalid input: expected object, received string"[39m
[31m  }[39m
[31m][39m
[31m    at ProviderAddressController.getAddress (C:\MY LOCAL DISC\Slotflow\slotflow-backend-main\src\presentation\provider\providerAddress.controller.ts:39:61)[39m
[31m    at Layer.handle [as handle_request] (C:\MY LOCAL DISC\Slotflow\slotflow-backend-main\node_modules\.pnpm\express@4.22.1\node_modules\express\lib\router\layer.js:95:5)[39m
[31m    at next (C:\MY LOCAL DISC\Slotflow\slotflow-backend-main\node_modules\.pnpm\express@4.22.1\node_modules\express\lib\router\route.js:149:13)[39m
[31m    at authMiddleware (C:\MY LOCAL DISC\Slotflow\slotflow-backend-main\src\presentation\middleware\auth.middleware.ts:70:16)[39m
[31m    at process.processTicksAndRejections (node:internal/process/task_queues:103:5)[39m
[2026-02-14 00:01:19] [[31merror[39m]: [31mgetAllAppServices failed[39m
[31m[[39m
[31m  {[39m
[31m    "expected": "array",[39m
[31m    "code": "invalid_type",[39m
[31m    "path": [[39m
[31m      "categories"[39m
[31m    ],[39m
[31m    "message": "Invalid input: expected array, received undefined"[39m
[31m  }[39m
[31m][39m
[31mZodError: [[39m
[31m  {[39m
[31m    "expected": "array",[39m
[31m    "code": "invalid_type",[39m
[31m    "path": [[39m
[31m      "categories"[39m
[31m    ],[39m
[31m    "message": "Invalid input: expected array, received undefined"[39m
[31m  }[39m
[31m][39m
[31m    at ProviderAppServiceController.getAllAppServices (C:\MY LOCAL DISC\Slotflow\slotflow-backend-main\src\presentation\provider\providerAppService.controller.ts:17:62)[39m
[31m    at Layer.handle [as handle_request] (C:\MY LOCAL DISC\Slotflow\slotflow-backend-main\node_modules\.pnpm\express@4.22.1\node_modules\express\lib\router\layer.js:95:5)[39m
[31m    at next (C:\MY LOCAL DISC\Slotflow\slotflow-backend-main\node_modules\.pnpm\express@4.22.1\node_modules\express\lib\router\route.js:149:13)[39m
[31m    at authMiddleware (C:\MY LOCAL DISC\Slotflow\slotflow-backend-main\src\presentation\middleware\auth.middleware.ts:70:16)[39m
[31m    at process.processTicksAndRejections (node:internal/process/task_queues:103:5)[39m
[2026-02-14 00:03:10] [[31merror[39m]: [31mgetAllAppServices failed[39m
[31m[[39m
[31m  {[39m
[31m    "expected": "array",[39m
[31m    "code": "invalid_type",[39m
[31m    "path": [[39m
[31m      "categories"[39m
[31m    ],[39m
[31m    "message": "Invalid input: expected array, received undefined"[39m
[31m  }[39m
[31m][39m
[31mZodError: [[39m
[31m  {[39m
[31m    "expected": "array",[39m
[31m    "code": "invalid_type",[39m
[31m    "path": [[39m
[31m      "categories"[39m
[31m    ],[39m
[31m    "message": "Invalid input: expected array, received undefined"[39m
[31m  }[39m
[31m][39m
[31m    at ProviderAppServiceController.getAllAppServices (C:\MY LOCAL DISC\Slotflow\slotflow-backend-main\src\presentation\provider\providerAppService.controller.ts:17:62)[39m
[31m    at Layer.handle [as handle_request] (C:\MY LOCAL DISC\Slotflow\slotflow-backend-main\node_modules\.pnpm\express@4.22.1\node_modules\express\lib\router\layer.js:95:5)[39m
[31m    at next (C:\MY LOCAL DISC\Slotflow\slotflow-backend-main\node_modules\.pnpm\express@4.22.1\node_modules\express\lib\router\route.js:149:13)[39m
[31m    at authMiddleware (C:\MY LOCAL DISC\Slotflow\slotflow-backend-main\src\presentation\middleware\auth.middleware.ts:70:16)[39m
[31m    at process.processTicksAndRejections (node:internal/process/task_queues:103:5)[39m
[2026-02-14 00:05:48] [[31merror[39m]: [31mgetAllAppServices failed[39m
[31m[[39m
[31m  {[39m
[31m    "expected": "array",[39m
[31m    "code": "invalid_type",[39m
[31m    "path": [[39m
[31m      "categories"[39m
[31m    ],[39m
[31m    "message": "Invalid input: expected array, received undefined"[39m
[31m  }[39m
[31m][39m
[31mZodError: [[39m
[31m  {[39m
[31m    "expected": "array",[39m
[31m    "code": "invalid_type",[39m
[31m    "path": [[39m
[31m      "categories"[39m
[31m    ],[39m
[31m    "message": "Invalid input: expected array, received undefined"[39m
[31m  }[39m
[31m][39m
[31m    at ProviderAppServiceController.getAllAppServices (C:\MY LOCAL DISC\Slotflow\slotflow-backend-main\src\presentation\provider\providerAppService.controller.ts:17:62)[39m
[31m    at Layer.handle [as handle_request] (C:\MY LOCAL DISC\Slotflow\slotflow-backend-main\node_modules\.pnpm\express@4.22.1\node_modules\express\lib\router\layer.js:95:5)[39m
[31m    at next (C:\MY LOCAL DISC\Slotflow\slotflow-backend-main\node_modules\.pnpm\express@4.22.1\node_modules\express\lib\router\route.js:149:13)[39m
[31m    at authMiddleware (C:\MY LOCAL DISC\Slotflow\slotflow-backend-main\src\presentation\middleware\auth.middleware.ts:70:16)[39m
[31m    at process.processTicksAndRejections (node:internal/process/task_queues:103:5)[39m
[2026-02-14 00:09:35] [[31merror[39m]: [31mgetAllAppServices failed[39m
[31m[[39m
[31m  {[39m
[31m    "expected": "array",[39m
[31m    "code": "invalid_type",[39m
[31m    "path": [[39m
[31m      "categories"[39m
[31m    ],[39m
[31m    "message": "Invalid input: expected array, received undefined"[39m
[31m  }[39m
[31m][39m
[31mZodError: [[39m
[31m  {[39m
[31m    "expected": "array",[39m
[31m    "code": "invalid_type",[39m
[31m    "path": [[39m
[31m      "categories"[39m
[31m    ],[39m
[31m    "message": "Invalid input: expected array, received undefined"[39m
[31m  }[39m
[31m][39m
[31m    at ProviderAppServiceController.getAllAppServices (C:\MY LOCAL DISC\Slotflow\slotflow-backend-main\src\presentation\provider\providerAppService.controller.ts:19:62)[39m
[31m    at Layer.handle [as handle_request] (C:\MY LOCAL DISC\Slotflow\slotflow-backend-main\node_modules\.pnpm\express@4.22.1\node_modules\express\lib\router\layer.js:95:5)[39m
[31m    at next (C:\MY LOCAL DISC\Slotflow\slotflow-backend-main\node_modules\.pnpm\express@4.22.1\node_modules\express\lib\router\route.js:149:13)[39m
[31m    at authMiddleware (C:\MY LOCAL DISC\Slotflow\slotflow-backend-main\src\presentation\middleware\auth.middleware.ts:70:16)[39m
[31m    at process.processTicksAndRejections (node:internal/process/task_queues:103:5)[39m
[2026-02-14 00:10:42] [[31merror[39m]: [31mgetAllAppServices failed[39m
[31m[[39m
[31m  {[39m
[31m    "expected": "object",[39m
[31m    "code": "invalid_type",[39m
[31m    "path": [],[39m
[31m    "message": "Invalid input: expected object, received string"[39m
[31m  }[39m
[31m][39m
[31mZodError: [[39m
[31m  {[39m
[31m    "expected": "object",[39m
[31m    "code": "invalid_type",[39m
[31m    "path": [],[39m
[31m    "message": "Invalid input: expected object, received string"[39m
[31m  }[39m
[31m][39m
[31m    at ProviderAppServiceController.getAllAppServices (C:\MY LOCAL DISC\Slotflow\slotflow-backend-main\src\presentation\provider\providerAppService.controller.ts:19:62)[39m
[31m    at Layer.handle [as handle_request] (C:\MY LOCAL DISC\Slotflow\slotflow-backend-main\node_modules\.pnpm\express@4.22.1\node_modules\express\lib\router\layer.js:95:5)[39m
[31m    at next (C:\MY LOCAL DISC\Slotflow\slotflow-backend-main\node_modules\.pnpm\express@4.22.1\node_modules\express\lib\router\route.js:149:13)[39m
[31m    at authMiddleware (C:\MY LOCAL DISC\Slotflow\slotflow-backend-main\src\presentation\middleware\auth.middleware.ts:70:16)[39m
[31m    at process.processTicksAndRejections (node:internal/process/task_queues:103:5)[39m
[2026-02-14 00:12:52] [[31merror[39m]: [31mgetAllAppServices failed[39m
[31m[[39m
[31m  {[39m
[31m    "expected": "object",[39m
[31m    "code": "invalid_type",[39m
[31m    "path": [],[39m
[31m    "message": "Invalid input: expected object, received string"[39m
[31m  }[39m
[31m][39m
[31mZodError: [[39m
[31m  {[39m
[31m    "expected": "object",[39m
[31m    "code": "invalid_type",[39m
[31m    "path": [],[39m
[31m    "message": "Invalid input: expected object, received string"[39m
[31m  }[39m
[31m][39m
[31m    at ProviderAppServiceController.getAllAppServices (C:\MY LOCAL DISC\Slotflow\slotflow-backend-main\src\presentation\provider\providerAppService.controller.ts:19:79)[39m
[31m    at Layer.handle [as handle_request] (C:\MY LOCAL DISC\Slotflow\slotflow-backend-main\node_modules\.pnpm\express@4.22.1\node_modules\express\lib\router\layer.js:95:5)[39m
[31m    at next (C:\MY LOCAL DISC\Slotflow\slotflow-backend-main\node_modules\.pnpm\express@4.22.1\node_modules\express\lib\router\route.js:149:13)[39m
[31m    at authMiddleware (C:\MY LOCAL DISC\Slotflow\slotflow-backend-main\src\presentation\middleware\auth.middleware.ts:70:16)[39m
[31m    at process.processTicksAndRejections (node:internal/process/task_queues:103:5)[39m
[2026-02-14 00:18:19] [[31merror[39m]: [31mgetAllAppServices failed[39m
[31m[[39m
[31m  {[39m
[31m    "expected": "array",[39m
[31m    "code": "invalid_type",[39m
[31m    "path": [[39m
[31m      "serviceCategory"[39m
[31m    ],[39m
[31m    "message": "Invalid input: expected array, received string"[39m
[31m  }[39m
[31m][39m
[31mZodError: [[39m
[31m  {[39m
[31m    "expected": "array",[39m
[31m    "code": "invalid_type",[39m
[31m    "path": [[39m
[31m      "serviceCategory"[39m
[31m    ],[39m
[31m    "message": "Invalid input: expected array, received string"[39m
[31m  }[39m
[31m][39m
[31m    at ProviderAppServiceController.getAllAppServices (C:\MY LOCAL DISC\Slotflow\slotflow-backend-main\src\presentation\provider\providerAppService.controller.ts:19:79)[39m
[31m    at Layer.handle [as handle_request] (C:\MY LOCAL DISC\Slotflow\slotflow-backend-main\node_modules\.pnpm\express@4.22.1\node_modules\express\lib\router\layer.js:95:5)[39m
[31m    at next (C:\MY LOCAL DISC\Slotflow\slotflow-backend-main\node_modules\.pnpm\express@4.22.1\node_modules\express\lib\router\route.js:149:13)[39m
[31m    at authMiddleware (C:\MY LOCAL DISC\Slotflow\slotflow-backend-main\src\presentation\middleware\auth.middleware.ts:70:16)[39m
[31m    at process.processTicksAndRejections (node:internal/process/task_queues:103:5)[39m
[2026-02-14 10:12:17] [[31merror[39m]: [31mUpdateBookingStatusUseCase failed[39m
[31mConnection to localhost:27017 interrupted due to server monitor timeout[39m
[31mPoolClearedOnNetworkError: Connection to localhost:27017 interrupted due to server monitor timeout[39m
[31m    at ConnectionPool.interruptInUseConnections (C:\MY LOCAL DISC\Slotflow\slotflow-backend-main\node_modules\.pnpm\mongodb@6.20.0\node_modules\mongodb\src\cmap\connection_pool.ts:487:28)[39m
[31m    at <anonymous> (C:\MY LOCAL DISC\Slotflow\slotflow-backend-main\node_modules\.pnpm\mongodb@6.20.0\node_modules\mongodb\src\cmap\connection_pool.ts:473:35)[39m
[31m    at processTicksAndRejections (node:internal/process/task_queues:84:11)[39m
[31m    at runNextTicks (node:internal/process/task_queues:68:3)[39m
[31m    at process.processTimers (node:internal/timers:538:9)[39m
[2026-02-14 10:12:17] [[31merror[39m]: [31mUpdateSubscriptionStatusUseCase failed[39m
[31mConnection to localhost:27017 interrupted due to server monitor timeout[39m
[31mPoolClearedOnNetworkError: Connection to localhost:27017 interrupted due to server monitor timeout[39m
[31m    at ConnectionPool.interruptInUseConnections (C:\MY LOCAL DISC\Slotflow\slotflow-backend-main\node_modules\.pnpm\mongodb@6.20.0\node_modules\mongodb\src\cmap\connection_pool.ts:487:28)[39m
[31m    at <anonymous> (C:\MY LOCAL DISC\Slotflow\slotflow-backend-main\node_modules\.pnpm\mongodb@6.20.0\node_modules\mongodb\src\cmap\connection_pool.ts:473:35)[39m
[31m    at processTicksAndRejections (node:internal/process/task_queues:84:11)[39m
[31m    at runNextTicks (node:internal/process/task_queues:68:3)[39m
[31m    at process.processTimers (node:internal/timers:538:9)[39m
[2026-02-14 10:12:17] [[31merror[39m]: [31mUpdateBookingStatusCron failed[39m
[31mConnection to localhost:27017 interrupted due to server monitor timeout[39m
[31mPoolClearedOnNetworkError: Connection to localhost:27017 interrupted due to server monitor timeout[39m
[31m    at ConnectionPool.interruptInUseConnections (C:\MY LOCAL DISC\Slotflow\slotflow-backend-main\node_modules\.pnpm\mongodb@6.20.0\node_modules\mongodb\src\cmap\connection_pool.ts:487:28)[39m
[31m    at <anonymous> (C:\MY LOCAL DISC\Slotflow\slotflow-backend-main\node_modules\.pnpm\mongodb@6.20.0\node_modules\mongodb\src\cmap\connection_pool.ts:473:35)[39m
[31m    at processTicksAndRejections (node:internal/process/task_queues:84:11)[39m
[31m    at runNextTicks (node:internal/process/task_queues:68:3)[39m
[31m    at process.processTimers (node:internal/timers:538:9)[39m
[2026-02-14 10:12:17] [[31merror[39m]: [31mUpdateSubscriptionStatusCron failed[39m
[31mConnection to localhost:27017 interrupted due to server monitor timeout[39m
[31mPoolClearedOnNetworkError: Connection to localhost:27017 interrupted due to server monitor timeout[39m
[31m    at ConnectionPool.interruptInUseConnections (C:\MY LOCAL DISC\Slotflow\slotflow-backend-main\node_modules\.pnpm\mongodb@6.20.0\node_modules\mongodb\src\cmap\connection_pool.ts:487:28)[39m
[31m    at <anonymous> (C:\MY LOCAL DISC\Slotflow\slotflow-backend-main\node_modules\.pnpm\mongodb@6.20.0\node_modules\mongodb\src\cmap\connection_pool.ts:473:35)[39m
[31m    at processTicksAndRejections (node:internal/process/task_queues:84:11)[39m
[31m    at runNextTicks (node:internal/process/task_queues:68:3)[39m
[31m    at process.processTimers (node:internal/timers:538:9)[39m
[2026-02-14 10:31:13] [[31merror[39m]: [31mgetAllAppServices failed[39m
[31mcategories is not defined[39m
[31mReferenceError: categories is not defined[39m
[31m    at ProviderAppServiceController.getAllAppServices (C:\MY LOCAL DISC\Slotflow\slotflow-backend-main\src\presentation\provider\providerAppService.controller.ts:20:76)[39m
[31m    at Layer.handle [as handle_request] (C:\MY LOCAL DISC\Slotflow\slotflow-backend-main\node_modules\.pnpm\express@4.22.1\node_modules\express\lib\router\layer.js:95:5)[39m
[31m    at next (C:\MY LOCAL DISC\Slotflow\slotflow-backend-main\node_modules\.pnpm\express@4.22.1\node_modules\express\lib\router\route.js:149:13)[39m
[31m    at authMiddleware (C:\MY LOCAL DISC\Slotflow\slotflow-backend-main\src\presentation\middleware\auth.middleware.ts:70:16)[39m
[31m    at process.processTicksAndRejections (node:internal/process/task_queues:103:5)[39m
[2026-02-14 10:37:55] [[31merror[39m]: [31mgetAllAppServices failed[39m
[31m[[39m
[31m  {[39m
[31m    "expected": "array",[39m
[31m    "code": "invalid_type",[39m
[31m    "path": [[39m
[31m      "serviceCategory"[39m
[31m    ],[39m
[31m    "message": "Invalid input: expected array, received string"[39m
[31m  }[39m
[31m][39m
[31mZodError: [[39m
[31m  {[39m
[31m    "expected": "array",[39m
[31m    "code": "invalid_type",[39m
[31m    "path": [[39m
[31m      "serviceCategory"[39m
[31m    ],[39m
[31m    "message": "Invalid input: expected array, received string"[39m
[31m  }[39m
[31m][39m
[31m    at ProviderAppServiceController.getAllAppServices (C:\MY LOCAL DISC\Slotflow\slotflow-backend-main\src\presentation\provider\providerAppService.controller.ts:19:67)[39m
[31m    at Layer.handle [as handle_request] (C:\MY LOCAL DISC\Slotflow\slotflow-backend-main\node_modules\.pnpm\express@4.22.1\node_modules\express\lib\router\layer.js:95:5)[39m
[31m    at next (C:\MY LOCAL DISC\Slotflow\slotflow-backend-main\node_modules\.pnpm\express@4.22.1\node_modules\express\lib\router\route.js:149:13)[39m
[31m    at authMiddleware (C:\MY LOCAL DISC\Slotflow\slotflow-backend-main\src\presentation\middleware\auth.middleware.ts:70:16)[39m
[31m    at process.processTicksAndRejections (node:internal/process/task_queues:103:5)[39m
[2026-02-14 10:52:31] [[31merror[39m]: [31mcreateServiceDetails failed[39m
[31m[[39m
[31m  {[39m
[31m    "code": "invalid_format",[39m
[31m    "format": "url",[39m
[31m    "path": [[39m
[31m      "videoUrl"[39m
[31m    ],[39m
[31m    "message": "Invalid video URL"[39m
[31m  }[39m
[31m][39m
[31mZodError: [[39m
[31m  {[39m
[31m    "code": "invalid_format",[39m
[31m    "format": "url",[39m
[31m    "path": [[39m
[31m      "videoUrl"[39m
[31m    ],[39m
[31m    "message": "Invalid video URL"[39m
[31m  }[39m
[31m][39m
[31m    at ProviderServiceController.createServiceDetails (C:\MY LOCAL DISC\Slotflow\slotflow-backend-main\src\presentation\provider\providerService.controller.ts:22:87)[39m
[31m    at Layer.handle [as handle_request] (C:\MY LOCAL DISC\Slotflow\slotflow-backend-main\node_modules\.pnpm\express@4.22.1\node_modules\express\lib\router\layer.js:95:5)[39m
[31m    at next (C:\MY LOCAL DISC\Slotflow\slotflow-backend-main\node_modules\.pnpm\express@4.22.1\node_modules\express\lib\router\route.js:149:13)[39m
[31m    at authMiddleware (C:\MY LOCAL DISC\Slotflow\slotflow-backend-main\src\presentation\middleware\auth.middleware.ts:70:16)[39m
[31m    at process.processTicksAndRejections (node:internal/process/task_queues:103:5)[39m
[2026-02-14 10:56:33] [[31merror[39m]: [31mgetServiceDetails failed[39m
[31m[[39m
[31m  {[39m
[31m    "expected": "object",[39m
[31m    "code": "invalid_type",[39m
[31m    "path": [],[39m
[31m    "message": "Invalid input: expected object, received string"[39m
[31m  }[39m
[31m][39m
[31mZodError: [[39m
[31m  {[39m
[31m    "expected": "object",[39m
[31m    "code": "invalid_type",[39m
[31m    "path": [],[39m
[31m    "message": "Invalid input: expected object, received string"[39m
[31m  }[39m
[31m][39m
[31m    at ProviderServiceController.getServiceDetails (C:\MY LOCAL DISC\Slotflow\slotflow-backend-main\src\presentation\provider\providerService.controller.ts:41:61)[39m
[31m    at Layer.handle [as handle_request] (C:\MY LOCAL DISC\Slotflow\slotflow-backend-main\node_modules\.pnpm\express@4.22.1\node_modules\express\lib\router\layer.js:95:5)[39m
[31m    at next (C:\MY LOCAL DISC\Slotflow\slotflow-backend-main\node_modules\.pnpm\express@4.22.1\node_modules\express\lib\router\route.js:149:13)[39m
[31m    at authMiddleware (C:\MY LOCAL DISC\Slotflow\slotflow-backend-main\src\presentation\middleware\auth.middleware.ts:70:16)[39m
[31m    at process.processTicksAndRejections (node:internal/process/task_queues:103:5)[39m
[2026-02-14 11:19:44] [[31merror[39m]: [31mcreateServiceAvailability failed[39m
[31m[[39m
[31m  {[39m
[31m    "expected": "object",[39m
[31m    "code": "invalid_type",[39m
[31m    "path": [],[39m
[31m    "message": "Invalid input: expected object, received string"[39m
[31m  }[39m
[31m][39m
[31mZodError: [[39m
[31m  {[39m
[31m    "expected": "object",[39m
[31m    "code": "invalid_type",[39m
[31m    "path": [],[39m
[31m    "message": "Invalid input: expected object, received string"[39m
[31m  }[39m
[31m][39m
[31m    at ProviderServiceAvailabilityController.createServiceAvailability (C:\MY LOCAL DISC\Slotflow\slotflow-backend-main\src\presentation\provider\providerServiceAvailability.controller.ts:21:61)[39m
[31m    at Layer.handle [as handle_request] (C:\MY LOCAL DISC\Slotflow\slotflow-backend-main\node_modules\.pnpm\express@4.22.1\node_modules\express\lib\router\layer.js:95:5)[39m
[31m    at next (C:\MY LOCAL DISC\Slotflow\slotflow-backend-main\node_modules\.pnpm\express@4.22.1\node_modules\express\lib\router\route.js:149:13)[39m
[31m    at authMiddleware (C:\MY LOCAL DISC\Slotflow\slotflow-backend-main\src\presentation\middleware\auth.middleware.ts:70:16)[39m
[31m    at process.processTicksAndRejections (node:internal/process/task_queues:103:5)[39m
[2026-02-14 11:21:16] [[31merror[39m]: [31mcreateServiceAvailability failed[39m
[31m[[39m
[31m  {[39m
[31m    "expected": "object",[39m
[31m    "code": "invalid_type",[39m
[31m    "path": [],[39m
[31m    "message": "Invalid input: expected object, received string"[39m
[31m  }[39m
[31m][39m
[31mZodError: [[39m
[31m  {[39m
[31m    "expected": "object",[39m
[31m    "code": "invalid_type",[39m
[31m    "path": [],[39m
[31m    "message": "Invalid input: expected object, received string"[39m
[31m  }[39m
[31m][39m
[31m    at ProviderServiceAvailabilityController.createServiceAvailability (C:\MY LOCAL DISC\Slotflow\slotflow-backend-main\src\presentation\provider\providerServiceAvailability.controller.ts:21:61)[39m
[31m    at Layer.handle [as handle_request] (C:\MY LOCAL DISC\Slotflow\slotflow-backend-main\node_modules\.pnpm\express@4.22.1\node_modules\express\lib\router\layer.js:95:5)[39m
[31m    at next (C:\MY LOCAL DISC\Slotflow\slotflow-backend-main\node_modules\.pnpm\express@4.22.1\node_modules\express\lib\router\route.js:149:13)[39m
[31m    at authMiddleware (C:\MY LOCAL DISC\Slotflow\slotflow-backend-main\src\presentation\middleware\auth.middleware.ts:70:16)[39m
[31m    at process.processTicksAndRejections (node:internal/process/task_queues:103:5)[39m
[2026-02-14 11:28:21] [[31merror[39m]: [31mcreateServiceAvailability failed[39m
[31m[[39m
[31m  {[39m
[31m    "expected": "object",[39m
[31m    "code": "invalid_type",[39m
[31m    "path": [],[39m
[31m    "message": "Invalid input: expected object, received string"[39m
[31m  }[39m
[31m][39m
[31mZodError: [[39m
[31m  {[39m
[31m    "expected": "object",[39m
[31m    "code": "invalid_type",[39m
[31m    "path": [],[39m
[31m    "message": "Invalid input: expected object, received string"[39m
[31m  }[39m
[31m][39m
[31m    at ProviderServiceAvailabilityController.createServiceAvailability (C:\MY LOCAL DISC\Slotflow\slotflow-backend-main\src\presentation\provider\providerServiceAvailability.controller.ts:21:61)[39m
[31m    at Layer.handle [as handle_request] (C:\MY LOCAL DISC\Slotflow\slotflow-backend-main\node_modules\.pnpm\express@4.22.1\node_modules\express\lib\router\layer.js:95:5)[39m
[31m    at next (C:\MY LOCAL DISC\Slotflow\slotflow-backend-main\node_modules\.pnpm\express@4.22.1\node_modules\express\lib\router\route.js:149:13)[39m
[31m    at authMiddleware (C:\MY LOCAL DISC\Slotflow\slotflow-backend-main\src\presentation\middleware\auth.middleware.ts:70:16)[39m
[31m    at process.processTicksAndRejections (node:internal/process/task_queues:103:5)[39m
[2026-02-14 11:29:44] [[31merror[39m]: [31mcreateServiceAvailability failed[39m
[31m[[39m
[31m  {[39m
[31m    "expected": "object",[39m
[31m    "code": "invalid_type",[39m
[31m    "path": [],[39m
[31m    "message": "Invalid input: expected object, received string"[39m
[31m  }[39m
[31m][39m
[31mZodError: [[39m
[31m  {[39m
[31m    "expected": "object",[39m
[31m    "code": "invalid_type",[39m
[31m    "path": [],[39m
[31m    "message": "Invalid input: expected object, received string"[39m
[31m  }[39m
[31m][39m
[31m    at ProviderServiceAvailabilityController.createServiceAvailability (C:\MY LOCAL DISC\Slotflow\slotflow-backend-main\src\presentation\provider\providerServiceAvailability.controller.ts:21:61)[39m
[31m    at Layer.handle [as handle_request] (C:\MY LOCAL DISC\Slotflow\slotflow-backend-main\node_modules\.pnpm\express@4.22.1\node_modules\express\lib\router\layer.js:95:5)[39m
[31m    at next (C:\MY LOCAL DISC\Slotflow\slotflow-backend-main\node_modules\.pnpm\express@4.22.1\node_modules\express\lib\router\route.js:149:13)[39m
[31m    at authMiddleware (C:\MY LOCAL DISC\Slotflow\slotflow-backend-main\src\presentation\middleware\auth.middleware.ts:70:16)[39m
[31m    at process.processTicksAndRejections (node:internal/process/task_queues:103:5)[39m
[2026-02-14 11:32:35] [[31merror[39m]: [31mcreateServiceAvailability failed[39m
[31m[[39m
[31m  {[39m
[31m    "expected": "object",[39m
[31m    "code": "invalid_type",[39m
[31m    "path": [],[39m
[31m    "message": "Invalid input: expected object, received string"[39m
[31m  }[39m
[31m][39m
[31mZodError: [[39m
[31m  {[39m
[31m    "expected": "object",[39m
[31m    "code": "invalid_type",[39m
[31m    "path": [],[39m
[31m    "message": "Invalid input: expected object, received string"[39m
[31m  }[39m
[31m][39m
[31m    at ProviderServiceAvailabilityController.createServiceAvailability (C:\MY LOCAL DISC\Slotflow\slotflow-backend-main\src\presentation\provider\providerServiceAvailability.controller.ts:22:61)[39m
[31m    at Layer.handle [as handle_request] (C:\MY LOCAL DISC\Slotflow\slotflow-backend-main\node_modules\.pnpm\express@4.22.1\node_modules\express\lib\router\layer.js:95:5)[39m
[31m    at next (C:\MY LOCAL DISC\Slotflow\slotflow-backend-main\node_modules\.pnpm\express@4.22.1\node_modules\express\lib\router\route.js:149:13)[39m
[31m    at authMiddleware (C:\MY LOCAL DISC\Slotflow\slotflow-backend-main\src\presentation\middleware\auth.middleware.ts:70:16)[39m
[31m    at process.processTicksAndRejections (node:internal/process/task_queues:103:5)[39m
[2026-02-14 11:54:07] [[31merror[39m]: [31mcreateServiceAvailability failed[39m
[31m[[39m
[31m  {[39m
[31m    "expected": "object",[39m
[31m    "code": "invalid_type",[39m
[31m    "path": [],[39m
[31m    "message": "Invalid input: expected object, received string"[39m
[31m  }[39m
[31m][39m
[31mZodError: [[39m
[31m  {[39m
[31m    "expected": "object",[39m
[31m    "code": "invalid_type",[39m
[31m    "path": [],[39m
[31m    "message": "Invalid input: expected object, received string"[39m
[31m  }[39m
[31m][39m
[31m    at ProviderServiceAvailabilityController.createServiceAvailability (C:\MY LOCAL DISC\Slotflow\slotflow-backend-main\src\presentation\provider\providerServiceAvailability.controller.ts:22:61)[39m
[31m    at Layer.handle [as handle_request] (C:\MY LOCAL DISC\Slotflow\slotflow-backend-main\node_modules\.pnpm\express@4.22.1\node_modules\express\lib\router\layer.js:95:5)[39m
[31m    at next (C:\MY LOCAL DISC\Slotflow\slotflow-backend-main\node_modules\.pnpm\express@4.22.1\node_modules\express\lib\router\route.js:149:13)[39m
[31m    at authMiddleware (C:\MY LOCAL DISC\Slotflow\slotflow-backend-main\src\presentation\middleware\auth.middleware.ts:70:16)[39m
[31m    at process.processTicksAndRejections (node:internal/process/task_queues:103:5)[39m
[2026-02-14 15:04:14] [[31merror[39m]: [31mcreateServiceAvailability failed[39m
[31m[[39m
[31m  {[39m
[31m    "expected": "object",[39m
[31m    "code": "invalid_type",[39m
[31m    "path": [],[39m
[31m    "message": "Invalid input: expected object, received string"[39m
[31m  }[39m
[31m][39m
[31mZodError: [[39m
[31m  {[39m
[31m    "expected": "object",[39m
[31m    "code": "invalid_type",[39m
[31m    "path": [],[39m
[31m    "message": "Invalid input: expected object, received string"[39m
[31m  }[39m
[31m][39m
[31m    at ProviderServiceAvailabilityController.createServiceAvailability (C:\MY LOCAL DISC\Slotflow\slotflow-backend-main\src\presentation\provider\providerServiceAvailability.controller.ts:22:61)[39m
[31m    at Layer.handle [as handle_request] (C:\MY LOCAL DISC\Slotflow\slotflow-backend-main\node_modules\.pnpm\express@4.22.1\node_modules\express\lib\router\layer.js:95:5)[39m
[31m    at next (C:\MY LOCAL DISC\Slotflow\slotflow-backend-main\node_modules\.pnpm\express@4.22.1\node_modules\express\lib\router\route.js:149:13)[39m
[31m    at authMiddleware (C:\MY LOCAL DISC\Slotflow\slotflow-backend-main\src\presentation\middleware\auth.middleware.ts:70:16)[39m
[31m    at process.processTicksAndRejections (node:internal/process/task_queues:103:5)[39m
[2026-02-14 15:25:01] [[31merror[39m]: [31mcreateServiceAvailability failed[39m
[31m[[39m
[31m  {[39m
[31m    "expected": "object",[39m
[31m    "code": "invalid_type",[39m
[31m    "path": [],[39m
[31m    "message": "Invalid input: expected object, received string"[39m
[31m  }[39m
[31m][39m
[31mZodError: [[39m
[31m  {[39m
[31m    "expected": "object",[39m
[31m    "code": "invalid_type",[39m
[31m    "path": [],[39m
[31m    "message": "Invalid input: expected object, received string"[39m
[31m  }[39m
[31m][39m
[31m    at ProviderServiceAvailabilityController.createServiceAvailability (C:\MY LOCAL DISC\Slotflow\slotflow-backend-main\src\presentation\provider\providerServiceAvailability.controller.ts:23:61)[39m
[31m    at Layer.handle [as handle_request] (C:\MY LOCAL DISC\Slotflow\slotflow-backend-main\node_modules\.pnpm\express@4.22.1\node_modules\express\lib\router\layer.js:95:5)[39m
[31m    at next (C:\MY LOCAL DISC\Slotflow\slotflow-backend-main\node_modules\.pnpm\express@4.22.1\node_modules\express\lib\router\route.js:149:13)[39m
[31m    at authMiddleware (C:\MY LOCAL DISC\Slotflow\slotflow-backend-main\src\presentation\middleware\auth.middleware.ts:70:16)[39m
[31m    at process.processTicksAndRejections (node:internal/process/task_queues:103:5)[39m
[2026-02-14 15:29:54] [[31merror[39m]: [31mcreateServiceAvailability failed[39m
[31m[[39m
[31m  {[39m
[31m    "expected": "object",[39m
[31m    "code": "invalid_type",[39m
[31m    "path": [],[39m
[31m    "message": "Invalid input: expected object, received string"[39m
[31m  }[39m
[31m][39m
[31mZodError: [[39m
[31m  {[39m
[31m    "expected": "object",[39m
[31m    "code": "invalid_type",[39m
[31m    "path": [],[39m
[31m    "message": "Invalid input: expected object, received string"[39m
[31m  }[39m
[31m][39m
[31m    at ProviderServiceAvailabilityController.createServiceAvailability (C:\MY LOCAL DISC\Slotflow\slotflow-backend-main\src\presentation\provider\providerServiceAvailability.controller.ts:23:61)[39m
[31m    at Layer.handle [as handle_request] (C:\MY LOCAL DISC\Slotflow\slotflow-backend-main\node_modules\.pnpm\express@4.22.1\node_modules\express\lib\router\layer.js:95:5)[39m
[31m    at next (C:\MY LOCAL DISC\Slotflow\slotflow-backend-main\node_modules\.pnpm\express@4.22.1\node_modules\express\lib\router\route.js:149:13)[39m
[31m    at authMiddleware (C:\MY LOCAL DISC\Slotflow\slotflow-backend-main\src\presentation\middleware\auth.middleware.ts:70:16)[39m
[31m    at process.processTicksAndRejections (node:internal/process/task_queues:103:5)[39m
[2026-02-14 15:34:38] [[31merror[39m]: [31mcreateServiceAvailability failed[39m
[31m[[39m
[31m  {[39m
[31m    "expected": "object",[39m
[31m    "code": "invalid_type",[39m
[31m    "path": [],[39m
[31m    "message": "Invalid input: expected object, received string"[39m
[31m  }[39m
[31m][39m
[31mZodError: [[39m
[31m  {[39m
[31m    "expected": "object",[39m
[31m    "code": "invalid_type",[39m
[31m    "path": [],[39m
[31m    "message": "Invalid input: expected object, received string"[39m
[31m  }[39m
[31m][39m
[31m    at ProviderServiceAvailabilityController.createServiceAvailability (C:\MY LOCAL DISC\Slotflow\slotflow-backend-main\src\presentation\provider\providerServiceAvailability.controller.ts:23:61)[39m
[31m    at Layer.handle [as handle_request] (C:\MY LOCAL DISC\Slotflow\slotflow-backend-main\node_modules\.pnpm\express@4.22.1\node_modules\express\lib\router\layer.js:95:5)[39m
[31m    at next (C:\MY LOCAL DISC\Slotflow\slotflow-backend-main\node_modules\.pnpm\express@4.22.1\node_modules\express\lib\router\route.js:149:13)[39m
[31m    at authMiddleware (C:\MY LOCAL DISC\Slotflow\slotflow-backend-main\src\presentation\middleware\auth.middleware.ts:70:16)[39m
[31m    at process.processTicksAndRejections (node:internal/process/task_queues:103:5)[39m
[2026-02-14 16:01:27] [[31merror[39m]: [31mcreateServiceAvailability failed[39m
[31m[[39m
[31m  {[39m
[31m    "expected": "object",[39m
[31m    "code": "invalid_type",[39m
[31m    "path": [],[39m
[31m    "message": "Invalid input: expected object, received string"[39m
[31m  }[39m
[31m][39m
[31mZodError: [[39m
[31m  {[39m
[31m    "expected": "object",[39m
[31m    "code": "invalid_type",[39m
[31m    "path": [],[39m
[31m    "message": "Invalid input: expected object, received string"[39m
[31m  }[39m
[31m][39m
[31m    at ProviderServiceAvailabilityController.createServiceAvailability (C:\MY LOCAL DISC\Slotflow\slotflow-backend-main\src\presentation\provider\providerServiceAvailability.controller.ts:23:61)[39m
[31m    at Layer.handle [as handle_request] (C:\MY LOCAL DISC\Slotflow\slotflow-backend-main\node_modules\.pnpm\express@4.22.1\node_modules\express\lib\router\layer.js:95:5)[39m
[31m    at next (C:\MY LOCAL DISC\Slotflow\slotflow-backend-main\node_modules\.pnpm\express@4.22.1\node_modules\express\lib\router\route.js:149:13)[39m
[31m    at authMiddleware (C:\MY LOCAL DISC\Slotflow\slotflow-backend-main\src\presentation\middleware\auth.middleware.ts:70:16)[39m
[31m    at process.processTicksAndRejections (node:internal/process/task_queues:103:5)[39m
[2026-02-14 16:04:02] [[31merror[39m]: [31mcreateServiceAvailability failed[39m
[31m[[39m
[31m  {[39m
[31m    "expected": "object",[39m
[31m    "code": "invalid_type",[39m
[31m    "path": [],[39m
[31m    "message": "Invalid input: expected object, received string"[39m
[31m  }[39m
[31m][39m
[31mZodError: [[39m
[31m  {[39m
[31m    "expected": "object",[39m
[31m    "code": "invalid_type",[39m
[31m    "path": [],[39m
[31m    "message": "Invalid input: expected object, received string"[39m
[31m  }[39m
[31m][39m
[31m    at ProviderServiceAvailabilityController.createServiceAvailability (C:\MY LOCAL DISC\Slotflow\slotflow-backend-main\src\presentation\provider\providerServiceAvailability.controller.ts:23:61)[39m
[31m    at Layer.handle [as handle_request] (C:\MY LOCAL DISC\Slotflow\slotflow-backend-main\node_modules\.pnpm\express@4.22.1\node_modules\express\lib\router\layer.js:95:5)[39m
[31m    at next (C:\MY LOCAL DISC\Slotflow\slotflow-backend-main\node_modules\.pnpm\express@4.22.1\node_modules\express\lib\router\route.js:149:13)[39m
[31m    at authMiddleware (C:\MY LOCAL DISC\Slotflow\slotflow-backend-main\src\presentation\middleware\auth.middleware.ts:70:16)[39m
[31m    at process.processTicksAndRejections (node:internal/process/task_queues:103:5)[39m
[2026-02-14 16:11:25] [[31merror[39m]: [31mcreateServiceAvailability failed[39m
[31m[[39m
[31m  {[39m
[31m    "expected": "object",[39m
[31m    "code": "invalid_type",[39m
[31m    "path": [],[39m
[31m    "message": "Invalid input: expected object, received string"[39m
[31m  }[39m
[31m][39m
[31mZodError: [[39m
[31m  {[39m
[31m    "expected": "object",[39m
[31m    "code": "invalid_type",[39m
[31m    "path": [],[39m
[31m    "message": "Invalid input: expected object, received string"[39m
[31m  }[39m
[31m][39m
[31m    at ProviderServiceAvailabilityController.createServiceAvailability (C:\MY LOCAL DISC\Slotflow\slotflow-backend-main\src\presentation\provider\providerServiceAvailability.controller.ts:23:61)[39m
[31m    at Layer.handle [as handle_request] (C:\MY LOCAL DISC\Slotflow\slotflow-backend-main\node_modules\.pnpm\express@4.22.1\node_modules\express\lib\router\layer.js:95:5)[39m
[31m    at next (C:\MY LOCAL DISC\Slotflow\slotflow-backend-main\node_modules\.pnpm\express@4.22.1\node_modules\express\lib\router\route.js:149:13)[39m
[31m    at authMiddleware (C:\MY LOCAL DISC\Slotflow\slotflow-backend-main\src\presentation\middleware\auth.middleware.ts:70:16)[39m
[31m    at process.processTicksAndRejections (node:internal/process/task_queues:103:5)[39m
[2026-02-14 16:12:54] [[31merror[39m]: [31mcreateServiceAvailability failed[39m
[31m[[39m
[31m  {[39m
[31m    "expected": "object",[39m
[31m    "code": "invalid_type",[39m
[31m    "path": [],[39m
[31m    "message": "Invalid input: expected object, received string"[39m
[31m  }[39m
[31m][39m
[31mZodError: [[39m
[31m  {[39m
[31m    "expected": "object",[39m
[31m    "code": "invalid_type",[39m
[31m    "path": [],[39m
[31m    "message": "Invalid input: expected object, received string"[39m
[31m  }[39m
[31m][39m
[31m    at ProviderServiceAvailabilityController.createServiceAvailability (C:\MY LOCAL DISC\Slotflow\slotflow-backend-main\src\presentation\provider\providerServiceAvailability.controller.ts:23:61)[39m
[31m    at Layer.handle [as handle_request] (C:\MY LOCAL DISC\Slotflow\slotflow-backend-main\node_modules\.pnpm\express@4.22.1\node_modules\express\lib\router\layer.js:95:5)[39m
[31m    at next (C:\MY LOCAL DISC\Slotflow\slotflow-backend-main\node_modules\.pnpm\express@4.22.1\node_modules\express\lib\router\route.js:149:13)[39m
[31m    at authMiddleware (C:\MY LOCAL DISC\Slotflow\slotflow-backend-main\src\presentation\middleware\auth.middleware.ts:70:16)[39m
[31m    at process.processTicksAndRejections (node:internal/process/task_queues:103:5)[39m
[2026-02-14 16:27:12] [[31merror[39m]: [31mupdateAdminVerificationStatus failed[39m
[31m[[39m
[31m  {[39m
[31m    "expected": "object",[39m
[31m    "code": "invalid_type",[39m
[31m    "path": [],[39m
[31m    "message": "Invalid input: expected object, received string"[39m
[31m  }[39m
[31m][39m
[31mZodError: [[39m
[31m  {[39m
[31m    "expected": "object",[39m
[31m    "code": "invalid_type",[39m
[31m    "path": [],[39m
[31m    "message": "Invalid input: expected object, received string"[39m
[31m  }[39m
[31m][39m
[31m    at ProviderProfileController.requestAdminApproval (C:\MY LOCAL DISC\Slotflow\slotflow-backend-main\src\presentation\provider\providerProfile.controller.ts:130:61)[39m
[31m    at Layer.handle [as handle_request] (C:\MY LOCAL DISC\Slotflow\slotflow-backend-main\node_modules\.pnpm\express@4.22.1\node_modules\express\lib\router\layer.js:95:5)[39m
[31m    at next (C:\MY LOCAL DISC\Slotflow\slotflow-backend-main\node_modules\.pnpm\express@4.22.1\node_modules\express\lib\router\route.js:149:13)[39m
[31m    at authMiddleware (C:\MY LOCAL DISC\Slotflow\slotflow-backend-main\src\presentation\middleware\auth.middleware.ts:70:16)[39m
[31m    at process.processTicksAndRejections (node:internal/process/task_queues:103:5)[39m
